{"version":1,"aceModel":{"applicabilityEffectivityInformation":[{"FamilyCode":"TRAN","StartEvent":"20MY_JOB1 OUT","EndEvent":"X0_END"},{"FamilyCode":"PCOL","StartEvent":"20MY_JOB1 OUT","EndEvent":"X0_END"},{"FamilyCode":"HLAMP","StartEvent":"20MY_JOB1 OUT","EndEvent":"X0_END"},{"FamilyCode":"INTRIM","StartEvent":"20MY_JOB1 OUT","EndEvent":"X0_END"},{"FamilyCode":"PARK","StartEvent":"20MY_JOB1 OUT","EndEvent":"X0_END"},{"FamilyCode":"CCP","StartEvent":"20MY_JOB1 OUT","EndEvent":"X0_END"},{"FamilyCode":"WSCH","StartEvent":"20MY_JOB1 OUT","EndEvent":"X0_END"},{"FamilyCode":"HSW","StartEvent":"20MY_JOB1 OUT","EndEvent":"X0_END"},{"FamilyCode":"HSEAT","StartEvent":"20MY_JOB1 OUT","EndEvent":"X0_END"},{"FamilyCode":"AUD","StartEvent":"20MY_JOB1 OUT","EndEvent":"X0_END"},{"FamilyCode":"WHL","StartEvent":"20MY_JOB1 OUT","EndEvent":"X0_END"},{"FamilyCode":"DRV","StartEvent":"20MY_JOB1 OUT","EndEvent":"X0_END"},{"FamilyCode":"DRFRQ","StartEvent":"20MY_JOB1 OUT","EndEvent":"X0_END"},{"FamilyCode":"EMLEV","StartEvent":"20MY_JOB1 OUT","EndEvent":"X0_END"},{"FamilyCode":"TVREC","StartEvent":"20MY_JOB1 OUT","EndEvent":"X0_END"},{"FamilyCode":"PRKA","StartEvent":"20MY_JOB1 OUT","EndEvent":"X0_END"},{"FamilyCode":"RCAM","StartEvent":"20MY_JOB1 OUT","EndEvent":"X0_END"},{"FamilyCode":"VPCK","StartEvent":"20MY_JOB1 OUT","EndEvent":"X0_END"},{"FamilyCode":"SPRT","StartEvent":"20MY_JOB1 OUT","EndEvent":"X0_END"},{"FamilyCode":"DASH_INSERTS","StartEvent":"20MY_JOB1 OUT","EndEvent":"X0_END"},{"FamilyCode":"WHEEL_ACC","StartEvent":"20MY_JOB1 OUT","EndEvent":"X0_END"}],"orderedEventCodes":["X0_START","20MY_JOB1 OUT","20MY_TT","20MY_PP","20MY_MP1","20MY_JOB1","RVCAM_US","21MY_JOB1 OUT","21MY_TT","21MY_PP","21MY_MP1","21MY_JOB1","X0_END"],"featureApplicabilities":[{"family":"TRAN","entry":"FeatureApplicability_TRAN.ndd"},{"family":"PCOL","entry":"FeatureApplicability_PCOL.ndd"},{"family":"HLAMP","entry":"FeatureApplicability_HLAMP.ndd"},{"family":"INTRIM","entry":"FeatureApplicability_INTRIM.ndd"},{"family":"PARK","entry":"FeatureApplicability_PARK.ndd"},{"family":"CCP","entry":"FeatureApplicability_CCP.ndd"},{"family":"WSCH","entry":"FeatureApplicability_WSCH.ndd"},{"family":"HSW","entry":"FeatureApplicability_HSW.ndd"},{"family":"HSEAT","entry":"FeatureApplicability_HSEAT.ndd"},{"family":"AUD","entry":"FeatureApplicability_AUD.ndd"},{"family":"WHL","entry":"FeatureApplicability_WHL.ndd"},{"family":"DRV","entry":"FeatureApplicability_DRV.ndd"},{"family":"DRFRQ","entry":"FeatureApplicability_DRFRQ.ndd"},{"family":"EMLEV","entry":"FeatureApplicability_EMLEV.ndd"},{"family":"TVREC","entry":"FeatureApplicability_TVREC.ndd"},{"family":"PRKA","entry":"FeatureApplicability_PRKA.ndd"},{"family":"RCAM","entry":"FeatureApplicability_RCAM.ndd"},{"family":"VPCK","entry":"FeatureApplicability_VPCK.ndd"},{"family":"SPRT","entry":"FeatureApplicability_SPRT.ndd"},{"family":"DASH_INSERTS","entry":"FeatureApplicability_DASH_INSERTS.ndd"},{"family":"WHEEL_ACC","entry":"FeatureApplicability_WHEEL_ACC.ndd"}],"scopeVariables":["MRKT","BMOD","MDLY","DERV","BLDP","DIM_BUILDDATE","EVENT","PROGRAMME"],"packRuleInformation":[{"packFeature":"Y_VPCK","ruleIds":["{ace|rule|pr=X0,c=9|Vision Pack contains Adaptive Xenon Headlamps and Parking Assist (9)}"],"drivenFamilies":["HLAMP","PARK"]},{"packFeature":"Y_CCP","ruleIds":["{ace|rule|pr=X0,c=10|Cold Climate Pack Implies Heated Steering Wheel, Heated Seats and Heated Windscreen (10)}"],"drivenFamilies":["HSW","HSEAT","WSCH"]},{"packFeature":"Y_SPRT","ruleIds":["{ace|rule|pr=X0,c=11|Sports Pack implied 20\" Wheels if on LUX, 18\" Wheels if BASIC, and implies Gloss Black (GLS) interior trim (11)}"],"drivenFamilies":["WHL","INTRIM"]}]}}