[{"id":"DASH_INSERTS","usage":"Configuration","mapping":[{"id":"ANALOG_ODOM","variable":"DASH_INSERTS.ANALOG_ODOM"},{"id":"DIGITAL_ODOM","variable":"DASH_INSERTS.DIGITAL_ODOM"},{"id":"DASH_NAV","variable":"DASH_INSERTS.DASH_NAV"},{"id":"RADIO_SCREEN","variable":"DASH_INSERTS.RADIO_SCREEN"},{"id":"TACHOMETER","variable":"DASH_INSERTS.TACHOMETER"}]},{"id":"WHEEL_ACC","usage":"Configuration","mapping":[{"id":"FRT_MUD","variable":"WHEEL_ACC.FRT_MUD"},{"id":"REAR_MUD","variable":"WHEEL_ACC.REAR_MUD"},{"id":"WHEEL_CLEANER","variable":"WHEEL_ACC.WHEEL_CLEANER"},{"id":"SNOW_AID_EMER","variable":"WHEEL_ACC.SNOW_AID_EMER"},{"id":"SNOW_TRACTION","variable":"WHEEL_ACC.SNOW_TRACTION"},{"id":"FRT_MUD_DESIGNER","variable":"WHEEL_ACC.FRT_MUD_DESIGNER"},{"id":"REAR_MUD_DESIGNER","variable":"WHEEL_ACC.REAR_MUD_DESIGNER"}]}]