{"version":1,"variables":[{"type":"d","name":"DIM_BUILDDATE","domain":["-62135596800000;946684799000","946684800000;1580515199000","1580515200000;1583020799000","1583020800000;1584230399000","1584230400000;1588291199000","1588291200000;1590969599000","1590969600000;1598918399000","1598918400000;1609459199000","1609459200000;1617235199000","1617235200000;1630454399000","1630454400000;253402214399000","253402214400000;253402300799000"]},{"type":"s","name":"EVENT","effectivity":true,"enumerated":true,"domain":["X0_START","20MY_JOB1 OUT","20MY_TT","20MY_PP","20MY_MP1","20MY_JOB1","RVCAM_US","21MY_JOB1 OUT","21MY_TT","21MY_PP","21MY_MP1","21MY_JOB1","X0_END"]},{"type":"s","name":"PROGRAMME","enumerated":true,"domain":["2020MY","2021MY","NOPROGRAMME"]},{"type":"s","name":"BMOD","enumerated":true,"domain":["BMOD1","BMOD2","BMOD3","BMOD4"]},{"type":"s","name":"MRKT","enumerated":true,"domain":["CHN","GBR","USA","DNK","PRT","ROU"]},{"type":"s","name":"DERV","enumerated":true,"domain":["BASIC","LUX"]},{"type":"s","name":"BLDP","enumerated":true,"domain":["VOLBP","TTBP","PPBP","MP1BP"]},{"type":"s","name":"MDLY","enumerated":true,"domain":["20MY","21MY"]},{"type":"s","name":"ENG","enumerated":true,"domain":["20DSL","16PTR"]},{"type":"s","name":"BODY","enumerated":true,"domain":["3DR","5DR"]},{"type":"s","name":"DRFRQ","enumerated":true,"domain":["315MHZ","433MHZ"]},{"type":"s","name":"RCAM","enumerated":true,"domain":["N_RCAM","Y_RCAM"]},{"type":"s","name":"DRV","enumerated":true,"domain":["LHD","RHD"]},{"type":"s","name":"CCP","enumerated":true,"domain":["N_CCP","Y_CCP"]},{"type":"s","name":"WSCH","enumerated":true,"domain":["N_WSCH","Y_WSCH"]},{"type":"s","name":"HSW","enumerated":true,"domain":["N_HSW","Y_HSW"]},{"type":"s","name":"HSEAT","enumerated":true,"domain":["N_HSEAT","Y_HSEATF","Y_HSEATA"]},{"type":"s","name":"INTRIM","enumerated":true,"domain":["ALU","OAK","GLS"]},{"type":"s","name":"WHL","enumerated":true,"domain":["WHL16_A","WHL17_B","WHL18_B","WHL20_C"]},{"type":"s","name":"SPRT","enumerated":true,"domain":["N_SPRT","Y_SPRT"]},{"type":"b","name":"WHEEL_ACC.SNOW_AID_EMER"},{"type":"b","name":"WHEEL_ACC.REAR_MUD_DESIGNER"},{"type":"b","name":"WHEEL_ACC.FRT_MUD_DESIGNER"},{"type":"b","name":"WHEEL_ACC.SNOW_TRACTION"},{"type":"b","name":"WHEEL_ACC.WHEEL_CLEANER"},{"type":"b","name":"WHEEL_ACC.REAR_MUD"},{"type":"b","name":"WHEEL_ACC.FRT_MUD"},{"type":"s","name":"TVREC","enumerated":true,"domain":["N_TVREC","Y_TVREC"]},{"type":"b","name":"DASH_INSERTS.TACHOMETER"},{"type":"b","name":"DASH_INSERTS.RADIO_SCREEN"},{"type":"b","name":"DASH_INSERTS.DASH_NAV"},{"type":"b","name":"DASH_INSERTS.DIGITAL_ODOM"},{"type":"b","name":"DASH_INSERTS.ANALOG_ODOM"},{"type":"s","name":"VPCK","enumerated":true,"domain":["N_VPCK","Y_VPCK"]},{"type":"s","name":"PARK","enumerated":true,"domain":["N_PARK","Y_PARK"]},{"type":"s","name":"HLAMP","enumerated":true,"domain":["HAL","XEN","AXEN"]},{"type":"s","name":"PRKA","enumerated":true,"domain":["N_PRKA","Y_PRKA"]},{"type":"s","name":"EMLEV","enumerated":true,"domain":["EU2","EU4","EU5"]},{"type":"s","name":"AUD","enumerated":true,"domain":["BASE_AUD","HIGH_AUD","PREM_AUD"]},{"type":"s","name":"PCOL","enumerated":true,"domain":["BLK","WHT","BLU","RED"]},{"type":"s","name":"TRAN","enumerated":true,"domain":["5SP_MAN","6SP_AUT"]},{"type":"s","name":"MIRROR_1.EVENT","private":true,"enumerated":true,"domain":["MIRROR_START","MIRROR_END"]},{"type":"d","name":"MIRROR_1.DIM_BUILDDATE","private":true,"domain":["-62135596800000;946684799000","946684800000;253402214399000","253402214400000;253402300799000"]},{"type":"s","name":"DR_SEAT.EVENT","private":true,"enumerated":true,"domain":["SEATS_START","V1_MEMORY_INTRO","V2_LEATHER","SEATS_END"]},{"type":"d","name":"DR_SEAT.DIM_BUILDDATE","private":true,"domain":["-62135596800000;946684799000","946684800000;1611532799000","1611532800000;1614556799000","1614556800000;253402214399000","253402214400000;253402300799000"]},{"type":"s","name":"DR_SEAT.FABRICS_1.EVENT","private":true,"enumerated":true,"domain":["FABRICS_START","V1_INTRO_FABRIC","V2_INTRO_LEAT","V3_INTRO_ORANGE","FABRICS_END"]},{"type":"d","name":"DR_SEAT.FABRICS_1.DIM_BUILDDATE","private":true,"domain":["-62135596800000;946684799000","946684800000;1612051199000","1612051200000;1619827199000","1619827200000;1638316799000","1638316800000;253402214399000","253402214400000;253402300799000"]},{"type":"s","name":"PROD","enumerated":true,"domain":["X0"]},{"type":"s","name":"BRND","enumerated":true,"domain":["CCARS_F"]},{"type":"b","name":"MIRROR_1","private":true},{"type":"s","name":"MIRROR_1.HEAT_MIR","enumerated":true,"domain":["AUTO","MAN","NO"]},{"type":"s","name":"MIRROR_1.FOLD","enumerated":true,"domain":["NO","YES"]},{"type":"s","name":"MIRROR_1.MIRROR_TYPE","enumerated":true,"domain":["BASIC","ELEGANT","SAFETY","WARMCLIM"]},{"type":"s","name":"MIRROR_1.BLINDSPOT","enumerated":true,"domain":["LIGHT","NONE"]},{"type":"s","name":"MIRROR_1.MEM_MIR","enumerated":true,"domain":["NO","YES"]},{"type":"s","name":"MIRROR_1.BLINKER","enumerated":true,"domain":["NO","YES"]},{"type":"s","name":"MIRROR_1.PROD","enumerated":true,"domain":["MIRROR"]},{"type":"s","name":"MIRROR_1.BRND","enumerated":true,"domain":["CCARS_F"]},{"type":"b","name":"DR_SEAT","private":true},{"type":"s","name":"DR_SEAT.FABRICS_1.STITCH","enumerated":true,"domain":["BLK","BRN","GOLD","GRAY","RED"]},{"type":"s","name":"DR_SEAT.FABRICS_1.PRI","enumerated":true,"domain":["BLK","BRN","RED"]},{"type":"s","name":"DR_SEAT.FABRICS_1.SEC","enumerated":true,"domain":["BLK","BLUE","GRAY","ORG","RED"]},{"type":"s","name":"DR_SEAT.MATRL","enumerated":true,"domain":["FAB","LEAT"]},{"type":"s","name":"DR_SEAT.STY","enumerated":true,"domain":["ADV","BAS","LUXU"]},{"type":"s","name":"DR_SEAT.ADJ_T","enumerated":true,"domain":["MAN","MECH","MEM"]},{"type":"s","name":"DR_SEAT.C_UNDERSEAT","enumerated":true,"domain":["NO","YES"]},{"type":"s","name":"DR_SEAT.PROD","enumerated":true,"domain":["SEATS"]},{"type":"s","name":"DR_SEAT.BRND","enumerated":true,"domain":["CCARS_F"]},{"type":"b","name":"DR_SEAT.FABRICS_1","private":true},{"type":"s","name":"DR_SEAT.FABRICS_1.MATRL","private":true,"enumerated":true,"domain":["FAB","LEAT"]},{"type":"s","name":"DR_SEAT.FABRICS_1.PROD","enumerated":true,"domain":["FABRICS"]},{"type":"s","name":"DR_SEAT.FABRICS_1.BRND","enumerated":true,"domain":["CCARS_F"]}]}