{"version":9,"id":"8QUEEN","description":"8-Queen model","multiValuedSeparator":".","variables":[{"id":"EVENT","usage":"Effectivity","type":"string","domain":["8QUEEN_START","8QUEEN_END"]},{"id":"DIM_BUILDDATE","type":"datetime","min":"0001-01-01","max":"9999-12-31T23:59:59"},{"id":"COL_A","type":"string","domain":["A1","A2","A3","A4","A5","A6","A7","A8"],"domainEffectivity":{"expr":"(((EVENT >= \"8QUEEN_START\") and (EVENT < \"8QUEEN_END\")) or ((EVENT >= \"8QUEEN_START\") and (EVENT < \"8QUEEN_END\")) or ((EVENT >= \"8QUEEN_START\") and (EVENT < \"8QUEEN_END\")) or ((EVENT >= \"8QUEEN_START\") and (EVENT < \"8QUEEN_END\")) or ((EVENT >= \"8QUEEN_START\") and (EVENT < \"8QUEEN_END\")) or ((EVENT >= \"8QUEEN_START\") and (EVENT < \"8QUEEN_END\")) or ((EVENT >= \"8QUEEN_START\") and (EVENT < \"8QUEEN_END\")) or ((EVENT >= \"8QUEEN_START\") and (EVENT < \"8QUEEN_END\"))) and (COL_A.A1 -> ((EVENT >= \"8QUEEN_START\") and (EVENT < \"8QUEEN_END\"))) and (COL_A.A2 -> ((EVENT >= \"8QUEEN_START\") and (EVENT < \"8QUEEN_END\"))) and (COL_A.A3 -> ((EVENT >= \"8QUEEN_START\") and (EVENT < \"8QUEEN_END\"))) and (COL_A.A4 -> ((EVENT >= \"8QUEEN_START\") and (EVENT < \"8QUEEN_END\"))) and (COL_A.A5 -> ((EVENT >= \"8QUEEN_START\") and (EVENT < \"8QUEEN_END\"))) and (COL_A.A6 -> ((EVENT >= \"8QUEEN_START\") and (EVENT < \"8QUEEN_END\"))) and (COL_A.A7 -> ((EVENT >= \"8QUEEN_START\") and (EVENT < \"8QUEEN_END\"))) and (COL_A.A8 -> ((EVENT >= \"8QUEEN_START\") and (EVENT < \"8QUEEN_END\")))","description":"Feature effectivity for features in family COL_A"}},{"id":"COL_B","type":"string","domain":["B1","B2","B3","B4","B5","B6","B7","B8"],"domainEffectivity":{"expr":"(((EVENT >= \"8QUEEN_START\") and (EVENT < \"8QUEEN_END\")) or ((EVENT >= \"8QUEEN_START\") and (EVENT < \"8QUEEN_END\")) or ((EVENT >= \"8QUEEN_START\") and (EVENT < \"8QUEEN_END\")) or ((EVENT >= \"8QUEEN_START\") and (EVENT < \"8QUEEN_END\")) or ((EVENT >= \"8QUEEN_START\") and (EVENT < \"8QUEEN_END\")) or ((EVENT >= \"8QUEEN_START\") and (EVENT < \"8QUEEN_END\")) or ((EVENT >= \"8QUEEN_START\") and (EVENT < \"8QUEEN_END\")) or ((EVENT >= \"8QUEEN_START\") and (EVENT < \"8QUEEN_END\"))) and (COL_B.B1 -> ((EVENT >= \"8QUEEN_START\") and (EVENT < \"8QUEEN_END\"))) and (COL_B.B2 -> ((EVENT >= \"8QUEEN_START\") and (EVENT < \"8QUEEN_END\"))) and (COL_B.B3 -> ((EVENT >= \"8QUEEN_START\") and (EVENT < \"8QUEEN_END\"))) and (COL_B.B4 -> ((EVENT >= \"8QUEEN_START\") and (EVENT < \"8QUEEN_END\"))) and (COL_B.B5 -> ((EVENT >= \"8QUEEN_START\") and (EVENT < \"8QUEEN_END\"))) and (COL_B.B6 -> ((EVENT >= \"8QUEEN_START\") and (EVENT < \"8QUEEN_END\"))) and (COL_B.B7 -> ((EVENT >= \"8QUEEN_START\") and (EVENT < \"8QUEEN_END\"))) and (COL_B.B8 -> ((EVENT >= \"8QUEEN_START\") and (EVENT < \"8QUEEN_END\")))","description":"Feature effectivity for features in family COL_B"}},{"id":"COL_C","type":"string","domain":["C1","C2","C3","C4","C5","C6","C7","C8"],"domainEffectivity":{"expr":"(((EVENT >= \"8QUEEN_START\") and (EVENT < \"8QUEEN_END\")) or ((EVENT >= \"8QUEEN_START\") and (EVENT < \"8QUEEN_END\")) or ((EVENT >= \"8QUEEN_START\") and (EVENT < \"8QUEEN_END\")) or ((EVENT >= \"8QUEEN_START\") and (EVENT < \"8QUEEN_END\")) or ((EVENT >= \"8QUEEN_START\") and (EVENT < \"8QUEEN_END\")) or ((EVENT >= \"8QUEEN_START\") and (EVENT < \"8QUEEN_END\")) or ((EVENT >= \"8QUEEN_START\") and (EVENT < \"8QUEEN_END\")) or ((EVENT >= \"8QUEEN_START\") and (EVENT < \"8QUEEN_END\"))) and (COL_C.C1 -> ((EVENT >= \"8QUEEN_START\") and (EVENT < \"8QUEEN_END\"))) and (COL_C.C2 -> ((EVENT >= \"8QUEEN_START\") and (EVENT < \"8QUEEN_END\"))) and (COL_C.C3 -> ((EVENT >= \"8QUEEN_START\") and (EVENT < \"8QUEEN_END\"))) and (COL_C.C4 -> ((EVENT >= \"8QUEEN_START\") and (EVENT < \"8QUEEN_END\"))) and (COL_C.C5 -> ((EVENT >= \"8QUEEN_START\") and (EVENT < \"8QUEEN_END\"))) and (COL_C.C6 -> ((EVENT >= \"8QUEEN_START\") and (EVENT < \"8QUEEN_END\"))) and (COL_C.C7 -> ((EVENT >= \"8QUEEN_START\") and (EVENT < \"8QUEEN_END\"))) and (COL_C.C8 -> ((EVENT >= \"8QUEEN_START\") and (EVENT < \"8QUEEN_END\")))","description":"Feature effectivity for features in family COL_C"}},{"id":"COL_D","type":"string","domain":["D1","D2","D3","D4","D5","D6","D7","D8"],"domainEffectivity":{"expr":"(((EVENT >= \"8QUEEN_START\") and (EVENT < \"8QUEEN_END\")) or ((EVENT >= \"8QUEEN_START\") and (EVENT < \"8QUEEN_END\")) or ((EVENT >= \"8QUEEN_START\") and (EVENT < \"8QUEEN_END\")) or ((EVENT >= \"8QUEEN_START\") and (EVENT < \"8QUEEN_END\")) or ((EVENT >= \"8QUEEN_START\") and (EVENT < \"8QUEEN_END\")) or ((EVENT >= \"8QUEEN_START\") and (EVENT < \"8QUEEN_END\")) or ((EVENT >= \"8QUEEN_START\") and (EVENT < \"8QUEEN_END\")) or ((EVENT >= \"8QUEEN_START\") and (EVENT < \"8QUEEN_END\"))) and (COL_D.D1 -> ((EVENT >= \"8QUEEN_START\") and (EVENT < \"8QUEEN_END\"))) and (COL_D.D2 -> ((EVENT >= \"8QUEEN_START\") and (EVENT < \"8QUEEN_END\"))) and (COL_D.D3 -> ((EVENT >= \"8QUEEN_START\") and (EVENT < \"8QUEEN_END\"))) and (COL_D.D4 -> ((EVENT >= \"8QUEEN_START\") and (EVENT < \"8QUEEN_END\"))) and (COL_D.D5 -> ((EVENT >= \"8QUEEN_START\") and (EVENT < \"8QUEEN_END\"))) and (COL_D.D6 -> ((EVENT >= \"8QUEEN_START\") and (EVENT < \"8QUEEN_END\"))) and (COL_D.D7 -> ((EVENT >= \"8QUEEN_START\") and (EVENT < \"8QUEEN_END\"))) and (COL_D.D8 -> ((EVENT >= \"8QUEEN_START\") and (EVENT < \"8QUEEN_END\")))","description":"Feature effectivity for features in family COL_D"}},{"id":"COL_E","type":"string","domain":["E1","E2","E3","E4","E5","E6","E7","E8"],"domainEffectivity":{"expr":"(((EVENT >= \"8QUEEN_START\") and (EVENT < \"8QUEEN_END\")) or ((EVENT >= \"8QUEEN_START\") and (EVENT < \"8QUEEN_END\")) or ((EVENT >= \"8QUEEN_START\") and (EVENT < \"8QUEEN_END\")) or ((EVENT >= \"8QUEEN_START\") and (EVENT < \"8QUEEN_END\")) or ((EVENT >= \"8QUEEN_START\") and (EVENT < \"8QUEEN_END\")) or ((EVENT >= \"8QUEEN_START\") and (EVENT < \"8QUEEN_END\")) or ((EVENT >= \"8QUEEN_START\") and (EVENT < \"8QUEEN_END\")) or ((EVENT >= \"8QUEEN_START\") and (EVENT < \"8QUEEN_END\"))) and (COL_E.E1 -> ((EVENT >= \"8QUEEN_START\") and (EVENT < \"8QUEEN_END\"))) and (COL_E.E2 -> ((EVENT >= \"8QUEEN_START\") and (EVENT < \"8QUEEN_END\"))) and (COL_E.E3 -> ((EVENT >= \"8QUEEN_START\") and (EVENT < \"8QUEEN_END\"))) and (COL_E.E4 -> ((EVENT >= \"8QUEEN_START\") and (EVENT < \"8QUEEN_END\"))) and (COL_E.E5 -> ((EVENT >= \"8QUEEN_START\") and (EVENT < \"8QUEEN_END\"))) and (COL_E.E6 -> ((EVENT >= \"8QUEEN_START\") and (EVENT < \"8QUEEN_END\"))) and (COL_E.E7 -> ((EVENT >= \"8QUEEN_START\") and (EVENT < \"8QUEEN_END\"))) and (COL_E.E8 -> ((EVENT >= \"8QUEEN_START\") and (EVENT < \"8QUEEN_END\")))","description":"Feature effectivity for features in family COL_E"}},{"id":"COL_F","type":"string","domain":["F1","F2","F3","F4","F5","F6","F7","F8"],"domainEffectivity":{"expr":"(((EVENT >= \"8QUEEN_START\") and (EVENT < \"8QUEEN_END\")) or ((EVENT >= \"8QUEEN_START\") and (EVENT < \"8QUEEN_END\")) or ((EVENT >= \"8QUEEN_START\") and (EVENT < \"8QUEEN_END\")) or ((EVENT >= \"8QUEEN_START\") and (EVENT < \"8QUEEN_END\")) or ((EVENT >= \"8QUEEN_START\") and (EVENT < \"8QUEEN_END\")) or ((EVENT >= \"8QUEEN_START\") and (EVENT < \"8QUEEN_END\")) or ((EVENT >= \"8QUEEN_START\") and (EVENT < \"8QUEEN_END\")) or ((EVENT >= \"8QUEEN_START\") and (EVENT < \"8QUEEN_END\"))) and (COL_F.F1 -> ((EVENT >= \"8QUEEN_START\") and (EVENT < \"8QUEEN_END\"))) and (COL_F.F2 -> ((EVENT >= \"8QUEEN_START\") and (EVENT < \"8QUEEN_END\"))) and (COL_F.F3 -> ((EVENT >= \"8QUEEN_START\") and (EVENT < \"8QUEEN_END\"))) and (COL_F.F4 -> ((EVENT >= \"8QUEEN_START\") and (EVENT < \"8QUEEN_END\"))) and (COL_F.F5 -> ((EVENT >= \"8QUEEN_START\") and (EVENT < \"8QUEEN_END\"))) and (COL_F.F6 -> ((EVENT >= \"8QUEEN_START\") and (EVENT < \"8QUEEN_END\"))) and (COL_F.F7 -> ((EVENT >= \"8QUEEN_START\") and (EVENT < \"8QUEEN_END\"))) and (COL_F.F8 -> ((EVENT >= \"8QUEEN_START\") and (EVENT < \"8QUEEN_END\")))","description":"Feature effectivity for features in family COL_F"}},{"id":"COL_G","type":"string","domain":["G1","G2","G3","G4","G5","G6","G7","G8"],"domainEffectivity":{"expr":"(((EVENT >= \"8QUEEN_START\") and (EVENT < \"8QUEEN_END\")) or ((EVENT >= \"8QUEEN_START\") and (EVENT < \"8QUEEN_END\")) or ((EVENT >= \"8QUEEN_START\") and (EVENT < \"8QUEEN_END\")) or ((EVENT >= \"8QUEEN_START\") and (EVENT < \"8QUEEN_END\")) or ((EVENT >= \"8QUEEN_START\") and (EVENT < \"8QUEEN_END\")) or ((EVENT >= \"8QUEEN_START\") and (EVENT < \"8QUEEN_END\")) or ((EVENT >= \"8QUEEN_START\") and (EVENT < \"8QUEEN_END\")) or ((EVENT >= \"8QUEEN_START\") and (EVENT < \"8QUEEN_END\"))) and (COL_G.G1 -> ((EVENT >= \"8QUEEN_START\") and (EVENT < \"8QUEEN_END\"))) and (COL_G.G2 -> ((EVENT >= \"8QUEEN_START\") and (EVENT < \"8QUEEN_END\"))) and (COL_G.G3 -> ((EVENT >= \"8QUEEN_START\") and (EVENT < \"8QUEEN_END\"))) and (COL_G.G4 -> ((EVENT >= \"8QUEEN_START\") and (EVENT < \"8QUEEN_END\"))) and (COL_G.G5 -> ((EVENT >= \"8QUEEN_START\") and (EVENT < \"8QUEEN_END\"))) and (COL_G.G6 -> ((EVENT >= \"8QUEEN_START\") and (EVENT < \"8QUEEN_END\"))) and (COL_G.G7 -> ((EVENT >= \"8QUEEN_START\") and (EVENT < \"8QUEEN_END\"))) and (COL_G.G8 -> ((EVENT >= \"8QUEEN_START\") and (EVENT < \"8QUEEN_END\")))","description":"Feature effectivity for features in family COL_G"}},{"id":"COL_H","type":"string","domain":["H1","H2","H3","H4","H5","H6","H7","H8"],"domainEffectivity":{"expr":"(((EVENT >= \"8QUEEN_START\") and (EVENT < \"8QUEEN_END\")) or ((EVENT >= \"8QUEEN_START\") and (EVENT < \"8QUEEN_END\")) or ((EVENT >= \"8QUEEN_START\") and (EVENT < \"8QUEEN_END\")) or ((EVENT >= \"8QUEEN_START\") and (EVENT < \"8QUEEN_END\")) or ((EVENT >= \"8QUEEN_START\") and (EVENT < \"8QUEEN_END\")) or ((EVENT >= \"8QUEEN_START\") and (EVENT < \"8QUEEN_END\")) or ((EVENT >= \"8QUEEN_START\") and (EVENT < \"8QUEEN_END\")) or ((EVENT >= \"8QUEEN_START\") and (EVENT < \"8QUEEN_END\"))) and (COL_H.H1 -> ((EVENT >= \"8QUEEN_START\") and (EVENT < \"8QUEEN_END\"))) and (COL_H.H2 -> ((EVENT >= \"8QUEEN_START\") and (EVENT < \"8QUEEN_END\"))) and (COL_H.H3 -> ((EVENT >= \"8QUEEN_START\") and (EVENT < \"8QUEEN_END\"))) and (COL_H.H4 -> ((EVENT >= \"8QUEEN_START\") and (EVENT < \"8QUEEN_END\"))) and (COL_H.H5 -> ((EVENT >= \"8QUEEN_START\") and (EVENT < \"8QUEEN_END\"))) and (COL_H.H6 -> ((EVENT >= \"8QUEEN_START\") and (EVENT < \"8QUEEN_END\"))) and (COL_H.H7 -> ((EVENT >= \"8QUEEN_START\") and (EVENT < \"8QUEEN_END\"))) and (COL_H.H8 -> ((EVENT >= \"8QUEEN_START\") and (EVENT < \"8QUEEN_END\")))","description":"Feature effectivity for features in family COL_H"}},{"id":"PROD","type":"string","domain":["8QUEEN"]},{"id":"BRND","type":"string","domain":["CCOMPUTERS_F"]}],"multiValuedGroups":[],"rules":[{"id":"{ace|event|pr=8QUEEN,c=8QUEEN_START|Build Date for Event Default Start Date (8QUEEN_START)}","description":"Build Date range for Event 8QUEEN_START","expr":"(EVENT = \"8QUEEN_START\") -> ((DIM_BUILDDATE >= |2000-01-01|) and (DIM_BUILDDATE < |9999-12-31|))"},{"id":"UnavailableEvents","description":"Events that are not allowed to be selected","expr":"not (EVENT in {\"8QUEEN_END\"})"},{"id":"{ace|rule|pr=8QUEEN,c=1|c[i] <> c[j] (1)}","description":"c[i] <> c[j]","expr":"(COL_A != COL_B) and (COL_A != COL_C) and (COL_A != COL_D) and (COL_A != COL_E) and (COL_A != COL_F) and (COL_A != COL_G) and (COL_A != COL_H) and (COL_B != COL_C) and (COL_B != COL_D) and (COL_B != COL_E) and (COL_B != COL_F) and (COL_B != COL_G) and (COL_B != COL_H) and (COL_C != COL_D) and (COL_C != COL_E) and (COL_C != COL_F) and (COL_C != COL_G) and (COL_C != COL_H) and (COL_D != COL_E) and (COL_D != COL_F) and (COL_D != COL_G) and (COL_D != COL_H) and (COL_E != COL_F) and (COL_E != COL_G) and (COL_E != COL_H) and (COL_F != COL_G) and (COL_F != COL_H) and (COL_G != COL_H)","effectivityExpr":"(EVENT >= \"8QUEEN_START\") and (EVENT < \"8QUEEN_END\")"},{"id":"{ace|rule|pr=8QUEEN,c=2|NW-SE (2)}","description":"NW-SE","expr":"((0 + COL_A) != (1 + COL_B)) and ((0 + COL_A) != (2 + COL_C)) and ((0 + COL_A) != (3 + COL_D)) and ((0 + COL_A) != (4 + COL_E)) and ((0 + COL_A) != (5 + COL_F)) and ((0 + COL_A) != (6 + COL_G)) and ((0 + COL_A) != (7 + COL_H)) and ((1 + COL_B) != (2 + COL_C)) and ((1 + COL_B) != (3 + COL_D)) and ((1 + COL_B) != (4 + COL_E)) and ((1 + COL_B) != (5 + COL_F)) and ((1 + COL_B) != (6 + COL_G)) and ((1 + COL_B) != (7 + COL_H)) and ((2 + COL_C) != (3 + COL_D)) and ((2 + COL_C) != (4 + COL_E)) and ((2 + COL_C) != (5 + COL_F)) and ((2 + COL_C) != (6 + COL_G)) and ((2 + COL_C) != (7 + COL_H)) and ((3 + COL_D) != (4 + COL_E)) and ((3 + COL_D) != (5 + COL_F)) and ((3 + COL_D) != (6 + COL_G)) and ((3 + COL_D) != (7 + COL_H)) and ((4 + COL_E) != (5 + COL_F)) and ((4 + COL_E) != (6 + COL_G)) and ((4 + COL_E) != (7 + COL_H)) and ((5 + COL_F) != (6 + COL_G)) and ((5 + COL_F) != (7 + COL_H)) and ((6 + COL_G) != (7 + COL_H))","effectivityExpr":"(EVENT >= \"8QUEEN_START\") and (EVENT < \"8QUEEN_END\")"},{"id":"{ace|rule|pr=8QUEEN,c=3|SW-NE (3)}","description":"SW-NE","expr":"((0 - COL_A) != (1 - COL_B)) and ((0 - COL_A) != (2 - COL_C)) and ((0 - COL_A) != (3 - COL_D)) and ((0 - COL_A) != (4 - COL_E)) and ((0 - COL_A) != (5 - COL_F)) and ((0 - COL_A) != (6 - COL_G)) and ((0 - COL_A) != (7 - COL_H)) and ((1 - COL_B) != (2 - COL_C)) and ((1 - COL_B) != (3 - COL_D)) and ((1 - COL_B) != (4 - COL_E)) and ((1 - COL_B) != (5 - COL_F)) and ((1 - COL_B) != (6 - COL_G)) and ((1 - COL_B) != (7 - COL_H)) and ((2 - COL_C) != (3 - COL_D)) and ((2 - COL_C) != (4 - COL_E)) and ((2 - COL_C) != (5 - COL_F)) and ((2 - COL_C) != (6 - COL_G)) and ((2 - COL_C) != (7 - COL_H)) and ((3 - COL_D) != (4 - COL_E)) and ((3 - COL_D) != (5 - COL_F)) and ((3 - COL_D) != (6 - COL_G)) and ((3 - COL_D) != (7 - COL_H)) and ((4 - COL_E) != (5 - COL_F)) and ((4 - COL_E) != (6 - COL_G)) and ((4 - COL_E) != (7 - COL_H)) and ((5 - COL_F) != (6 - COL_G)) and ((5 - COL_F) != (7 - COL_H)) and ((6 - COL_G) != (7 - COL_H))","effectivityExpr":"(EVENT >= \"8QUEEN_START\") and (EVENT < \"8QUEEN_END\")"}],"macros":[{"id":"NoneOf","parameters":[{"id":"args","isSet":true}],"expr":"truecount args = 0"},{"id":"AnyOf","parameters":[{"id":"args","isSet":true}],"expr":"truecount args > 0"},{"id":"ExactlyOneOf","parameters":[{"id":"args","isSet":true}],"expr":"truecount args = 1"},{"id":"AtMostOneOf","parameters":[{"id":"args","isSet":true}],"expr":"truecount args <= 1"},{"id":"AtLeastOneOf","parameters":[{"id":"args","isSet":true}],"expr":"truecount args >= 1"},{"id":"AllOf","parameters":[{"id":"args","isSet":true}],"expr":"truecount args = count args"}],"defaults":[{"id":"8QUEENDefaults","evalMethod":"stable","requests":[{"id":"COL_APriorities","type":"priorities","values":["\"A1\"","\"A2\"","\"A3\"","\"A4\"","\"A5\"","\"A6\"","\"A7\"","\"A8\""],"variables":["COL_A"],"effectivityExpr":"(EVENT >= \"8QUEEN_START\") and (EVENT < \"8QUEEN_END\")"},{"id":"COL_BPriorities","type":"priorities","values":["\"B1\"","\"B2\"","\"B3\"","\"B4\"","\"B5\"","\"B6\"","\"B7\"","\"B8\""],"variables":["COL_B"],"effectivityExpr":"(EVENT >= \"8QUEEN_START\") and (EVENT < \"8QUEEN_END\")"},{"id":"COL_CPriorities","type":"priorities","values":["\"C1\"","\"C2\"","\"C3\"","\"C4\"","\"C5\"","\"C6\"","\"C7\"","\"C8\""],"variables":["COL_C"],"effectivityExpr":"(EVENT >= \"8QUEEN_START\") and (EVENT < \"8QUEEN_END\")"},{"id":"COL_DPriorities","type":"priorities","values":["\"D1\"","\"D2\"","\"D3\"","\"D4\"","\"D5\"","\"D6\"","\"D7\"","\"D8\""],"variables":["COL_D"],"effectivityExpr":"(EVENT >= \"8QUEEN_START\") and (EVENT < \"8QUEEN_END\")"},{"id":"COL_EPriorities","type":"priorities","values":["\"E1\"","\"E2\"","\"E3\"","\"E4\"","\"E5\"","\"E6\"","\"E7\"","\"E8\""],"variables":["COL_E"],"effectivityExpr":"(EVENT >= \"8QUEEN_START\") and (EVENT < \"8QUEEN_END\")"},{"id":"COL_FPriorities","type":"priorities","values":["\"F1\"","\"F2\"","\"F3\"","\"F4\"","\"F5\"","\"F6\"","\"F7\"","\"F8\""],"variables":["COL_F"],"effectivityExpr":"(EVENT >= \"8QUEEN_START\") and (EVENT < \"8QUEEN_END\")"},{"id":"COL_GPriorities","type":"priorities","values":["\"G1\"","\"G2\"","\"G3\"","\"G4\"","\"G5\"","\"G6\"","\"G7\"","\"G8\""],"variables":["COL_G"],"effectivityExpr":"(EVENT >= \"8QUEEN_START\") and (EVENT < \"8QUEEN_END\")"},{"id":"COL_HPriorities","type":"priorities","values":["\"H1\"","\"H2\"","\"H3\"","\"H4\"","\"H5\"","\"H6\"","\"H7\"","\"H8\""],"variables":["COL_H"],"effectivityExpr":"(EVENT >= \"8QUEEN_START\") and (EVENT < \"8QUEEN_END\")"}]}],"phases":[{"id":"Phase0","variables":["DIM_BUILDDATE","EVENT"]}]}