{"version":1,"variables":[{"type":"d","name":"DIM_BUILDDATE","domain":["-62135596800000;946684799000","946684800000;253402214399000","253402214400000;253402300799000"]},{"type":"s","name":"EVENT","effectivity":true,"enumerated":true,"domain":["8QUEEN_START","8QUEEN_END"]},{"type":"s","name":"COL_C","enumerated":true,"domain":["C1","C2","C3","C4","C5","C6","C7","C8"]},{"type":"s","name":"COL_D","enumerated":true,"domain":["D1","D2","D3","D4","D5","D6","D7","D8"]},{"type":"s","name":"COL_E","enumerated":true,"domain":["E1","E2","E3","E4","E5","E6","E7","E8"]},{"type":"s","name":"COL_F","enumerated":true,"domain":["F1","F2","F3","F4","F5","F6","F7","F8"]},{"type":"s","name":"COL_G","enumerated":true,"domain":["G1","G2","G3","G4","G5","G6","G7","G8"]},{"type":"s","name":"COL_H","enumerated":true,"domain":["H1","H2","H3","H4","H5","H6","H7","H8"]},{"type":"s","name":"COL_A","enumerated":true,"domain":["A1","A2","A3","A4","A5","A6","A7","A8"]},{"type":"s","name":"COL_B","enumerated":true,"domain":["B1","B2","B3","B4","B5","B6","B7","B8"]},{"type":"s","name":"PROD","enumerated":true,"domain":["8QUEEN"]},{"type":"s","name":"BRND","enumerated":true,"domain":["CCOMPUTERS_F"]}]}