{"version":1,"id":"IHEAR","defaultStructure":"DEMO","structures":[{"id":"DEMO","description":"View used on https://ihear-demo.clm.cloud/","sections":[{"id":"DEMO.Scope6","description":"Scope","variables":["MRKT","IHEAR_BM","IHEAR_CLASS","DIM_BUILDDATE","EVENT","PROGRAMME"]},{"id":"DEMO.USER","description":"User","variables":["AGE","HEARING_LOSS","GENDER"]},{"id":"DEMO.STYLE","description":"Style","variables":["STYLE","PUSH_BUTTON","VOLUME_WHEEL","COLOR"]},{"id":"DEMO.BATTERY","description":"Battery","variables":["BATTERY_SIZE","BATTERY_DRAWER","BATTERY_DRAWER_TYP"]},{"id":"DEMO.FEATURES","description":"Features","variables":["AUTOPHONE","AUTOTELECOIL","BINAURAL","MUSIC","SOUND","SPATIAL"]},{"id":"DEMO.HARDWARE","description":"Hardware","variables":["MICROPHONES","POWER_LEVEL","CPUS","RAM","WIRELESS_COIL","TELECOIL","SWITCHES"]},{"id":"DEMO.SOFTWARE","description":"Software","variables":["AP","AT","BIN","DIR","MUSIC","SPA","DSP"]}]}]}