{"version":1,"aceModel":{"applicabilityEffectivityInformation":[{"FamilyCode":"STYLE","StartEvent":"PROD_INTRO","EndEvent":"IHEAR_END"},{"FamilyCode":"POWER_LEVEL","StartEvent":"PROD_INTRO","EndEvent":"IHEAR_END"},{"FamilyCode":"AUTOPHONE","StartEvent":"PROD_INTRO","EndEvent":"IHEAR_END"},{"FamilyCode":"AUTOTELECOIL","StartEvent":"PROD_INTRO","EndEvent":"IHEAR_END"},{"FamilyCode":"BINAURAL","StartEvent":"PROD_INTRO","EndEvent":"IHEAR_END"},{"FamilyCode":"MUSIC","StartEvent":"PROD_INTRO","EndEvent":"IHEAR_END"},{"FamilyCode":"SOUND","StartEvent":"PROD_INTRO","EndEvent":"IHEAR_END"},{"FamilyCode":"SPATIAL","StartEvent":"PROD_INTRO","EndEvent":"IHEAR_END"}],"orderedEventCodes":["IHEAR_START","PROD_INTRO","INTRO_CHILD","INTRO_CUSTOM","IHEAR_END"],"featureApplicabilities":[{"family":"STYLE","entry":"FeatureApplicability_STYLE.ndd"},{"family":"POWER_LEVEL","entry":"FeatureApplicability_POWER_LEVEL.ndd"},{"family":"AUTOPHONE","entry":"FeatureApplicability_AUTOPHONE.ndd"},{"family":"AUTOTELECOIL","entry":"FeatureApplicability_AUTOTELECOIL.ndd"},{"family":"BINAURAL","entry":"FeatureApplicability_BINAURAL.ndd"},{"family":"MUSIC","entry":"FeatureApplicability_MUSIC.ndd"},{"family":"SOUND","entry":"FeatureApplicability_SOUND.ndd"},{"family":"SPATIAL","entry":"FeatureApplicability_SPATIAL.ndd"}],"scopeVariables":["MRKT","IHEAR_BM","IHEAR_CLASS","DIM_BUILDDATE","EVENT","PROGRAMME"],"packRuleInformation":[]}}