{"version":9,"id":"IHEAR","description":"IHEAR","multiValuedSeparator":".","variables":[{"id":"PROGRAMME","type":"string","domain":["NOPROGRAMME"]},{"id":"EVENT","usage":"Effectivity","type":"string","domain":["IHEAR_START","PROD_INTRO","INTRO_CHILD","INTRO_CUSTOM","IHEAR_END"]},{"id":"DIM_BUILDDATE","type":"datetime","min":"0001-01-01","max":"9999-12-31T23:59:59"},{"id":"MRKT","type":"string","domain":["USA","GBR","DNK","SWE","DEU","CAN"],"domainEffectivity":{"expr":"(((EVENT >= \"PROD_INTRO\") and (EVENT < \"IHEAR_END\")) or ((EVENT >= \"PROD_INTRO\") and (EVENT < \"IHEAR_END\")) or ((EVENT >= \"PROD_INTRO\") and (EVENT < \"IHEAR_END\")) or ((EVENT >= \"PROD_INTRO\") and (EVENT < \"IHEAR_END\")) or ((EVENT >= \"PROD_INTRO\") and (EVENT < \"IHEAR_END\")) or ((EVENT >= \"PROD_INTRO\") and (EVENT < \"IHEAR_END\"))) and (MRKT.USA -> ((EVENT >= \"PROD_INTRO\") and (EVENT < \"IHEAR_END\"))) and (MRKT.GBR -> ((EVENT >= \"PROD_INTRO\") and (EVENT < \"IHEAR_END\"))) and (MRKT.DNK -> ((EVENT >= \"PROD_INTRO\") and (EVENT < \"IHEAR_END\"))) and (MRKT.SWE -> ((EVENT >= \"PROD_INTRO\") and (EVENT < \"IHEAR_END\"))) and (MRKT.DEU -> ((EVENT >= \"PROD_INTRO\") and (EVENT < \"IHEAR_END\"))) and (MRKT.CAN -> ((EVENT >= \"PROD_INTRO\") and (EVENT < \"IHEAR_END\")))","description":"Feature effectivity for features in family MRKT"}},{"id":"HEARING_LOSS","type":"string","domain":["HEAR_MILD","HEAR_MODERATE","HEAR_SEVERE"],"domainEffectivity":{"expr":"(((EVENT >= \"PROD_INTRO\") and (EVENT < \"IHEAR_END\")) or ((EVENT >= \"PROD_INTRO\") and (EVENT < \"IHEAR_END\")) or ((EVENT >= \"PROD_INTRO\") and (EVENT < \"IHEAR_END\"))) and (HEARING_LOSS.HEAR_MILD -> ((EVENT >= \"PROD_INTRO\") and (EVENT < \"IHEAR_END\"))) and (HEARING_LOSS.HEAR_MODERATE -> ((EVENT >= \"PROD_INTRO\") and (EVENT < \"IHEAR_END\"))) and (HEARING_LOSS.HEAR_SEVERE -> ((EVENT >= \"PROD_INTRO\") and (EVENT < \"IHEAR_END\")))","description":"Feature effectivity for features in family HEARING_LOSS"}},{"id":"AGE","type":"string","domain":["AGE_CHILD","AGE_ADULT"],"domainEffectivity":{"expr":"(((EVENT >= \"INTRO_CHILD\") and (EVENT < \"IHEAR_END\")) or ((EVENT >= \"PROD_INTRO\") and (EVENT < \"IHEAR_END\"))) and (AGE.AGE_CHILD -> ((EVENT >= \"INTRO_CHILD\") and (EVENT < \"IHEAR_END\"))) and (AGE.AGE_ADULT -> ((EVENT >= \"PROD_INTRO\") and (EVENT < \"IHEAR_END\")))","description":"Feature effectivity for features in family AGE"}},{"id":"GENDER","type":"string","domain":["GEND_MALE","GEND_FEMALE"],"domainEffectivity":{"expr":"(((EVENT >= \"PROD_INTRO\") and (EVENT < \"IHEAR_END\")) or ((EVENT >= \"PROD_INTRO\") and (EVENT < \"IHEAR_END\"))) and (GENDER.GEND_MALE -> ((EVENT >= \"PROD_INTRO\") and (EVENT < \"IHEAR_END\"))) and (GENDER.GEND_FEMALE -> ((EVENT >= \"PROD_INTRO\") and (EVENT < \"IHEAR_END\")))","description":"Feature effectivity for features in family GENDER"}},{"id":"STYLE","type":"string","domain":["STYLE_BTE","STYLE_RITE","STYLE_ITE"],"domainEffectivity":{"expr":"(((EVENT >= \"PROD_INTRO\") and (EVENT < \"IHEAR_END\")) or ((EVENT >= \"PROD_INTRO\") and (EVENT < \"IHEAR_END\")) or ((EVENT >= \"PROD_INTRO\") and (EVENT < \"IHEAR_END\"))) and (STYLE.STYLE_BTE -> ((EVENT >= \"PROD_INTRO\") and (EVENT < \"IHEAR_END\"))) and (STYLE.STYLE_RITE -> ((EVENT >= \"PROD_INTRO\") and (EVENT < \"IHEAR_END\"))) and (STYLE.STYLE_ITE -> ((EVENT >= \"PROD_INTRO\") and (EVENT < \"IHEAR_END\")))","description":"Feature effectivity for features in family STYLE"}},{"id":"PUSH_BUTTON","type":"string","domain":["PUSH_DOUBLE","PUSH_SINGLE"],"domainEffectivity":{"expr":"(((EVENT >= \"PROD_INTRO\") and (EVENT < \"IHEAR_END\")) or ((EVENT >= \"PROD_INTRO\") and (EVENT < \"IHEAR_END\"))) and (PUSH_BUTTON.PUSH_DOUBLE -> ((EVENT >= \"PROD_INTRO\") and (EVENT < \"IHEAR_END\"))) and (PUSH_BUTTON.PUSH_SINGLE -> ((EVENT >= \"PROD_INTRO\") and (EVENT < \"IHEAR_END\")))","description":"Feature effectivity for features in family PUSH_BUTTON"}},{"id":"MICROPHONES","type":"string","domain":["MICR_DIRECTIONAL","MICR_DUAL","MICR_OMNIDIRECTIONAL"],"domainEffectivity":{"expr":"(((EVENT >= \"PROD_INTRO\") and (EVENT < \"IHEAR_END\")) or ((EVENT >= \"PROD_INTRO\") and (EVENT < \"IHEAR_END\")) or ((EVENT >= \"PROD_INTRO\") and (EVENT < \"IHEAR_END\"))) and (MICROPHONES.MICR_DIRECTIONAL -> ((EVENT >= \"PROD_INTRO\") and (EVENT < \"IHEAR_END\"))) and (MICROPHONES.MICR_DUAL -> ((EVENT >= \"PROD_INTRO\") and (EVENT < \"IHEAR_END\"))) and (MICROPHONES.MICR_OMNIDIRECTIONAL -> ((EVENT >= \"PROD_INTRO\") and (EVENT < \"IHEAR_END\")))","description":"Feature effectivity for features in family MICROPHONES"}},{"id":"POWER_LEVEL","type":"string","domain":["POWER_LEVEL_P1","POWER_LEVEL_P2","POWER_LEVEL_P3","POWER_LEVEL_P4"],"domainEffectivity":{"expr":"(((EVENT >= \"PROD_INTRO\") and (EVENT < \"IHEAR_END\")) or ((EVENT >= \"PROD_INTRO\") and (EVENT < \"IHEAR_END\")) or ((EVENT >= \"PROD_INTRO\") and (EVENT < \"IHEAR_END\")) or ((EVENT >= \"PROD_INTRO\") and (EVENT < \"IHEAR_END\"))) and (POWER_LEVEL.POWER_LEVEL_P1 -> ((EVENT >= \"PROD_INTRO\") and (EVENT < \"IHEAR_END\"))) and (POWER_LEVEL.POWER_LEVEL_P2 -> ((EVENT >= \"PROD_INTRO\") and (EVENT < \"IHEAR_END\"))) and (POWER_LEVEL.POWER_LEVEL_P3 -> ((EVENT >= \"PROD_INTRO\") and (EVENT < \"IHEAR_END\"))) and (POWER_LEVEL.POWER_LEVEL_P4 -> ((EVENT >= \"PROD_INTRO\") and (EVENT < \"IHEAR_END\")))","description":"Feature effectivity for features in family POWER_LEVEL"}},{"id":"CPUS","type":"string","domain":["CPUS_1","CPUS_2","CPUS_4","CPUS_8"],"domainEffectivity":{"expr":"(((EVENT >= \"PROD_INTRO\") and (EVENT < \"IHEAR_END\")) or ((EVENT >= \"PROD_INTRO\") and (EVENT < \"IHEAR_END\")) or ((EVENT >= \"PROD_INTRO\") and (EVENT < \"IHEAR_END\")) or ((EVENT >= \"PROD_INTRO\") and (EVENT < \"IHEAR_END\"))) and (CPUS.CPUS_1 -> ((EVENT >= \"PROD_INTRO\") and (EVENT < \"IHEAR_END\"))) and (CPUS.CPUS_2 -> ((EVENT >= \"PROD_INTRO\") and (EVENT < \"IHEAR_END\"))) and (CPUS.CPUS_4 -> ((EVENT >= \"PROD_INTRO\") and (EVENT < \"IHEAR_END\"))) and (CPUS.CPUS_8 -> ((EVENT >= \"PROD_INTRO\") and (EVENT < \"IHEAR_END\")))","description":"Feature effectivity for features in family CPUS"}},{"id":"RAM","type":"string","domain":["RAM_8","RAM_32","RAM_64","RAM_128"],"domainEffectivity":{"expr":"(((EVENT >= \"PROD_INTRO\") and (EVENT < \"IHEAR_END\")) or ((EVENT >= \"PROD_INTRO\") and (EVENT < \"IHEAR_END\")) or ((EVENT >= \"PROD_INTRO\") and (EVENT < \"IHEAR_END\")) or ((EVENT >= \"PROD_INTRO\") and (EVENT < \"IHEAR_END\"))) and (RAM.RAM_8 -> ((EVENT >= \"PROD_INTRO\") and (EVENT < \"IHEAR_END\"))) and (RAM.RAM_32 -> ((EVENT >= \"PROD_INTRO\") and (EVENT < \"IHEAR_END\"))) and (RAM.RAM_64 -> ((EVENT >= \"PROD_INTRO\") and (EVENT < \"IHEAR_END\"))) and (RAM.RAM_128 -> ((EVENT >= \"PROD_INTRO\") and (EVENT < \"IHEAR_END\")))","description":"Feature effectivity for features in family RAM"}},{"id":"BATTERY_SIZE","type":"string","domain":["BATTERY_SIZE_10","BATTERY_SIZE_312","BATTERY_SIZE_13"],"domainEffectivity":{"expr":"(((EVENT >= \"PROD_INTRO\") and (EVENT < \"IHEAR_END\")) or ((EVENT >= \"PROD_INTRO\") and (EVENT < \"IHEAR_END\")) or ((EVENT >= \"PROD_INTRO\") and (EVENT < \"IHEAR_END\"))) and (BATTERY_SIZE.BATTERY_SIZE_10 -> ((EVENT >= \"PROD_INTRO\") and (EVENT < \"IHEAR_END\"))) and (BATTERY_SIZE.BATTERY_SIZE_312 -> ((EVENT >= \"PROD_INTRO\") and (EVENT < \"IHEAR_END\"))) and (BATTERY_SIZE.BATTERY_SIZE_13 -> ((EVENT >= \"PROD_INTRO\") and (EVENT < \"IHEAR_END\")))","description":"Feature effectivity for features in family BATTERY_SIZE"}},{"id":"BATTERY_DRAWER","type":"string","domain":["BATT_HORIZONTAL","BATT_VERTICAL"],"domainEffectivity":{"expr":"(((EVENT >= \"PROD_INTRO\") and (EVENT < \"IHEAR_END\")) or ((EVENT >= \"PROD_INTRO\") and (EVENT < \"IHEAR_END\"))) and (BATTERY_DRAWER.BATT_HORIZONTAL -> ((EVENT >= \"PROD_INTRO\") and (EVENT < \"IHEAR_END\"))) and (BATTERY_DRAWER.BATT_VERTICAL -> ((EVENT >= \"PROD_INTRO\") and (EVENT < \"IHEAR_END\")))","description":"Feature effectivity for features in family BATTERY_DRAWER"}},{"id":"AUTOPHONE","type":"string","domain":["AUTOPHONE_NO","AUTOPHONE_YES"],"domainEffectivity":{"expr":"(((EVENT >= \"PROD_INTRO\") and (EVENT < \"IHEAR_END\")) or ((EVENT >= \"PROD_INTRO\") and (EVENT < \"IHEAR_END\"))) and (AUTOPHONE.AUTOPHONE_NO -> ((EVENT >= \"PROD_INTRO\") and (EVENT < \"IHEAR_END\"))) and (AUTOPHONE.AUTOPHONE_YES -> ((EVENT >= \"PROD_INTRO\") and (EVENT < \"IHEAR_END\")))","description":"Feature effectivity for features in family AUTOPHONE"}},{"id":"AUTOTELECOIL","type":"string","domain":["AUTOTELECOIL_NO","AUTOTELECOIL_YES"],"domainEffectivity":{"expr":"(((EVENT >= \"PROD_INTRO\") and (EVENT < \"IHEAR_END\")) or ((EVENT >= \"PROD_INTRO\") and (EVENT < \"IHEAR_END\"))) and (AUTOTELECOIL.AUTOTELECOIL_NO -> ((EVENT >= \"PROD_INTRO\") and (EVENT < \"IHEAR_END\"))) and (AUTOTELECOIL.AUTOTELECOIL_YES -> ((EVENT >= \"PROD_INTRO\") and (EVENT < \"IHEAR_END\")))","description":"Feature effectivity for features in family AUTOTELECOIL"}},{"id":"BINAURAL","type":"string","domain":["BINAURAL_NO","BINAURAL_YES"],"domainEffectivity":{"expr":"(((EVENT >= \"PROD_INTRO\") and (EVENT < \"IHEAR_END\")) or ((EVENT >= \"PROD_INTRO\") and (EVENT < \"IHEAR_END\"))) and (BINAURAL.BINAURAL_NO -> ((EVENT >= \"PROD_INTRO\") and (EVENT < \"IHEAR_END\"))) and (BINAURAL.BINAURAL_YES -> ((EVENT >= \"PROD_INTRO\") and (EVENT < \"IHEAR_END\")))","description":"Feature effectivity for features in family BINAURAL"}},{"id":"MUSIC","type":"string","domain":["MUSIC_NO","MUSIC_YES"],"domainEffectivity":{"expr":"(((EVENT >= \"PROD_INTRO\") and (EVENT < \"IHEAR_END\")) or ((EVENT >= \"PROD_INTRO\") and (EVENT < \"IHEAR_END\"))) and (MUSIC.MUSIC_NO -> ((EVENT >= \"PROD_INTRO\") and (EVENT < \"IHEAR_END\"))) and (MUSIC.MUSIC_YES -> ((EVENT >= \"PROD_INTRO\") and (EVENT < \"IHEAR_END\")))","description":"Feature effectivity for features in family MUSIC"}},{"id":"SOUND","type":"string","domain":["SOUND_ADVANCED","SOUND_BASIC"],"domainEffectivity":{"expr":"(((EVENT >= \"PROD_INTRO\") and (EVENT < \"IHEAR_END\")) or ((EVENT >= \"PROD_INTRO\") and (EVENT < \"IHEAR_END\"))) and (SOUND.SOUND_ADVANCED -> ((EVENT >= \"PROD_INTRO\") and (EVENT < \"IHEAR_END\"))) and (SOUND.SOUND_BASIC -> ((EVENT >= \"PROD_INTRO\") and (EVENT < \"IHEAR_END\")))","description":"Feature effectivity for features in family SOUND"}},{"id":"SPATIAL","type":"string","domain":["SPAT_NONE","SPAT_ADVANCED","SPAT_BASIC"],"domainEffectivity":{"expr":"(((EVENT >= \"PROD_INTRO\") and (EVENT < \"IHEAR_END\")) or ((EVENT >= \"PROD_INTRO\") and (EVENT < \"IHEAR_END\")) or ((EVENT >= \"PROD_INTRO\") and (EVENT < \"IHEAR_END\"))) and (SPATIAL.SPAT_NONE -> ((EVENT >= \"PROD_INTRO\") and (EVENT < \"IHEAR_END\"))) and (SPATIAL.SPAT_ADVANCED -> ((EVENT >= \"PROD_INTRO\") and (EVENT < \"IHEAR_END\"))) and (SPATIAL.SPAT_BASIC -> ((EVENT >= \"PROD_INTRO\") and (EVENT < \"IHEAR_END\")))","description":"Feature effectivity for features in family SPATIAL"}},{"id":"WIRELESS_COIL","type":"string","domain":["WIRELESS_COIL_NO","WIRELESS_COIL_YES"],"domainEffectivity":{"expr":"(((EVENT >= \"PROD_INTRO\") and (EVENT < \"IHEAR_END\")) or ((EVENT >= \"PROD_INTRO\") and (EVENT < \"IHEAR_END\"))) and (WIRELESS_COIL.WIRELESS_COIL_NO -> ((EVENT >= \"PROD_INTRO\") and (EVENT < \"IHEAR_END\"))) and (WIRELESS_COIL.WIRELESS_COIL_YES -> ((EVENT >= \"PROD_INTRO\") and (EVENT < \"IHEAR_END\")))","description":"Feature effectivity for features in family WIRELESS_COIL"}},{"id":"TELECOIL","type":"string","domain":["TELECOIL_NO","TELECOIL_YES"],"domainEffectivity":{"expr":"(((EVENT >= \"PROD_INTRO\") and (EVENT < \"IHEAR_END\")) or ((EVENT >= \"PROD_INTRO\") and (EVENT < \"IHEAR_END\"))) and (TELECOIL.TELECOIL_NO -> ((EVENT >= \"PROD_INTRO\") and (EVENT < \"IHEAR_END\"))) and (TELECOIL.TELECOIL_YES -> ((EVENT >= \"PROD_INTRO\") and (EVENT < \"IHEAR_END\")))","description":"Feature effectivity for features in family TELECOIL"}},{"id":"SWITCHES","type":"string","domain":["SWIT_NONE","SWITCHES_GMR","SWIT_REED","SWIT_GMR_AND_REED"],"domainEffectivity":{"expr":"(((EVENT >= \"PROD_INTRO\") and (EVENT < \"IHEAR_END\")) or ((EVENT >= \"PROD_INTRO\") and (EVENT < \"IHEAR_END\")) or ((EVENT >= \"PROD_INTRO\") and (EVENT < \"IHEAR_END\")) or ((EVENT >= \"PROD_INTRO\") and (EVENT < \"IHEAR_END\"))) and (SWITCHES.SWIT_NONE -> ((EVENT >= \"PROD_INTRO\") and (EVENT < \"IHEAR_END\"))) and (SWITCHES.SWITCHES_GMR -> ((EVENT >= \"PROD_INTRO\") and (EVENT < \"IHEAR_END\"))) and (SWITCHES.SWIT_REED -> ((EVENT >= \"PROD_INTRO\") and (EVENT < \"IHEAR_END\"))) and (SWITCHES.SWIT_GMR_AND_REED -> ((EVENT >= \"PROD_INTRO\") and (EVENT < \"IHEAR_END\")))","description":"Feature effectivity for features in family SWITCHES"}},{"id":"VOLUME_WHEEL","type":"string","domain":["VOLU_NONE","VOLU_ANALOG","VOLU_DIGITAL"],"domainEffectivity":{"expr":"(((EVENT >= \"PROD_INTRO\") and (EVENT < \"IHEAR_END\")) or ((EVENT >= \"PROD_INTRO\") and (EVENT < \"IHEAR_END\")) or ((EVENT >= \"PROD_INTRO\") and (EVENT < \"IHEAR_END\"))) and (VOLUME_WHEEL.VOLU_NONE -> ((EVENT >= \"PROD_INTRO\") and (EVENT < \"IHEAR_END\"))) and (VOLUME_WHEEL.VOLU_ANALOG -> ((EVENT >= \"PROD_INTRO\") and (EVENT < \"IHEAR_END\"))) and (VOLUME_WHEEL.VOLU_DIGITAL -> ((EVENT >= \"PROD_INTRO\") and (EVENT < \"IHEAR_END\")))","description":"Feature effectivity for features in family VOLUME_WHEEL"}},{"id":"AP","type":"string","domain":["AP_NO","AP_YES"],"domainEffectivity":{"expr":"(((EVENT >= \"PROD_INTRO\") and (EVENT < \"IHEAR_END\")) or ((EVENT >= \"PROD_INTRO\") and (EVENT < \"IHEAR_END\"))) and (AP.AP_NO -> ((EVENT >= \"PROD_INTRO\") and (EVENT < \"IHEAR_END\"))) and (AP.AP_YES -> ((EVENT >= \"PROD_INTRO\") and (EVENT < \"IHEAR_END\")))","description":"Feature effectivity for features in family AP"}},{"id":"AT","type":"string","domain":["AT_NO","AT_YES"],"domainEffectivity":{"expr":"(((EVENT >= \"PROD_INTRO\") and (EVENT < \"IHEAR_END\")) or ((EVENT >= \"PROD_INTRO\") and (EVENT < \"IHEAR_END\"))) and (AT.AT_NO -> ((EVENT >= \"PROD_INTRO\") and (EVENT < \"IHEAR_END\"))) and (AT.AT_YES -> ((EVENT >= \"PROD_INTRO\") and (EVENT < \"IHEAR_END\")))","description":"Feature effectivity for features in family AT"}},{"id":"BIN","type":"string","domain":["BIN_NO","BIN_YES"],"domainEffectivity":{"expr":"(((EVENT >= \"PROD_INTRO\") and (EVENT < \"IHEAR_END\")) or ((EVENT >= \"PROD_INTRO\") and (EVENT < \"IHEAR_END\"))) and (BIN.BIN_NO -> ((EVENT >= \"PROD_INTRO\") and (EVENT < \"IHEAR_END\"))) and (BIN.BIN_YES -> ((EVENT >= \"PROD_INTRO\") and (EVENT < \"IHEAR_END\")))","description":"Feature effectivity for features in family BIN"}},{"id":"DIR","type":"string","domain":["DIR_NO","DIR_YES"],"domainEffectivity":{"expr":"(((EVENT >= \"PROD_INTRO\") and (EVENT < \"IHEAR_END\")) or ((EVENT >= \"PROD_INTRO\") and (EVENT < \"IHEAR_END\"))) and (DIR.DIR_NO -> ((EVENT >= \"PROD_INTRO\") and (EVENT < \"IHEAR_END\"))) and (DIR.DIR_YES -> ((EVENT >= \"PROD_INTRO\") and (EVENT < \"IHEAR_END\")))","description":"Feature effectivity for features in family DIR"}},{"id":"MUS","type":"string","domain":["MUS_NO","MUS_YES"],"domainEffectivity":{"expr":"(((EVENT >= \"PROD_INTRO\") and (EVENT < \"IHEAR_END\")) or ((EVENT >= \"PROD_INTRO\") and (EVENT < \"IHEAR_END\"))) and (MUS.MUS_NO -> ((EVENT >= \"PROD_INTRO\") and (EVENT < \"IHEAR_END\"))) and (MUS.MUS_YES -> ((EVENT >= \"PROD_INTRO\") and (EVENT < \"IHEAR_END\")))","description":"Feature effectivity for features in family MUS"}},{"id":"SPA","type":"string","domain":["SPA_NO","SPA_YES"],"domainEffectivity":{"expr":"(((EVENT >= \"PROD_INTRO\") and (EVENT < \"IHEAR_END\")) or ((EVENT >= \"PROD_INTRO\") and (EVENT < \"IHEAR_END\"))) and (SPA.SPA_NO -> ((EVENT >= \"PROD_INTRO\") and (EVENT < \"IHEAR_END\"))) and (SPA.SPA_YES -> ((EVENT >= \"PROD_INTRO\") and (EVENT < \"IHEAR_END\")))","description":"Feature effectivity for features in family SPA"}},{"id":"DSP","type":"string","domain":["DSP_ADSP","DSP_DSP"],"domainEffectivity":{"expr":"(((EVENT >= \"PROD_INTRO\") and (EVENT < \"IHEAR_END\")) or ((EVENT >= \"PROD_INTRO\") and (EVENT < \"IHEAR_END\"))) and (DSP.DSP_ADSP -> ((EVENT >= \"PROD_INTRO\") and (EVENT < \"IHEAR_END\"))) and (DSP.DSP_DSP -> ((EVENT >= \"PROD_INTRO\") and (EVENT < \"IHEAR_END\")))","description":"Feature effectivity for features in family DSP"}},{"id":"PRODUCT_LINE","type":"string","domain":["CHILD","CUSTOM","INVISIBLE","MAX","POWER"],"domainEffectivity":{"expr":"(((EVENT >= \"INTRO_CHILD\") and (EVENT < \"IHEAR_END\")) or ((EVENT >= \"PROD_INTRO\") and (EVENT < \"IHEAR_END\")) or ((EVENT >= \"PROD_INTRO\") and (EVENT < \"IHEAR_END\")) or ((EVENT >= \"PROD_INTRO\") and (EVENT < \"IHEAR_END\")) or ((EVENT >= \"PROD_INTRO\") and (EVENT < \"IHEAR_END\"))) and (PRODUCT_LINE.CHILD -> ((EVENT >= \"INTRO_CHILD\") and (EVENT < \"IHEAR_END\"))) and (PRODUCT_LINE.CUSTOM -> ((EVENT >= \"PROD_INTRO\") and (EVENT < \"IHEAR_END\"))) and (PRODUCT_LINE.INVISIBLE -> ((EVENT >= \"PROD_INTRO\") and (EVENT < \"IHEAR_END\"))) and (PRODUCT_LINE.MAX -> ((EVENT >= \"PROD_INTRO\") and (EVENT < \"IHEAR_END\"))) and (PRODUCT_LINE.POWER -> ((EVENT >= \"PROD_INTRO\") and (EVENT < \"IHEAR_END\")))","description":"Feature effectivity for features in family PRODUCT_LINE"}},{"id":"COLOR","type":"string","domain":["COLOR_BEIGE","COLOR_BROWN","COLOR_TRANSPARENT","COLOR_BLUE","COLOR_PINK","COLOR_BLACK","COLOR_WHITE"],"domainEffectivity":{"expr":"(((EVENT >= \"PROD_INTRO\") and (EVENT < \"IHEAR_END\")) or ((EVENT >= \"PROD_INTRO\") and (EVENT < \"IHEAR_END\")) or ((EVENT >= \"PROD_INTRO\") and (EVENT < \"IHEAR_END\")) or ((EVENT >= \"PROD_INTRO\") and (EVENT < \"IHEAR_END\")) or ((EVENT >= \"PROD_INTRO\") and (EVENT < \"IHEAR_END\")) or ((EVENT >= \"PROD_INTRO\") and (EVENT < \"IHEAR_END\")) or ((EVENT >= \"PROD_INTRO\") and (EVENT < \"IHEAR_END\"))) and (COLOR.COLOR_BEIGE -> ((EVENT >= \"PROD_INTRO\") and (EVENT < \"IHEAR_END\"))) and (COLOR.COLOR_BROWN -> ((EVENT >= \"PROD_INTRO\") and (EVENT < \"IHEAR_END\"))) and (COLOR.COLOR_TRANSPARENT -> ((EVENT >= \"PROD_INTRO\") and (EVENT < \"IHEAR_END\"))) and (COLOR.COLOR_BLUE -> ((EVENT >= \"PROD_INTRO\") and (EVENT < \"IHEAR_END\"))) and (COLOR.COLOR_PINK -> ((EVENT >= \"PROD_INTRO\") and (EVENT < \"IHEAR_END\"))) and (COLOR.COLOR_BLACK -> ((EVENT >= \"PROD_INTRO\") and (EVENT < \"IHEAR_END\"))) and (COLOR.COLOR_WHITE -> ((EVENT >= \"PROD_INTRO\") and (EVENT < \"IHEAR_END\")))","description":"Feature effectivity for features in family COLOR"}},{"id":"BATTERY_DRAWER_TYP","type":"string","domain":["BAT_DRAWER_NORMAL","BAT_DRAWER_TAMPER"],"domainEffectivity":{"expr":"(((EVENT >= \"PROD_INTRO\") and (EVENT < \"IHEAR_END\")) or ((EVENT >= \"PROD_INTRO\") and (EVENT < \"IHEAR_END\"))) and (BATTERY_DRAWER_TYP.BAT_DRAWER_NORMAL -> ((EVENT >= \"PROD_INTRO\") and (EVENT < \"IHEAR_END\"))) and (BATTERY_DRAWER_TYP.BAT_DRAWER_TAMPER -> ((EVENT >= \"PROD_INTRO\") and (EVENT < \"IHEAR_END\")))","description":"Feature effectivity for features in family BATTERY_DRAWER_TYP"}},{"id":"IHEAR_BM","type":"string","domain":["BM_CHILD","BM_CUSTOM","BM_INVISIBLE","BM_MAX","BM_POWER"],"domainEffectivity":{"expr":"(((EVENT >= \"INTRO_CHILD\") and (EVENT < \"IHEAR_END\")) or ((EVENT >= \"PROD_INTRO\") and (EVENT < \"IHEAR_END\")) or ((EVENT >= \"PROD_INTRO\") and (EVENT < \"IHEAR_END\")) or ((EVENT >= \"PROD_INTRO\") and (EVENT < \"IHEAR_END\")) or ((EVENT >= \"PROD_INTRO\") and (EVENT < \"IHEAR_END\"))) and (IHEAR_BM.BM_CHILD -> ((EVENT >= \"INTRO_CHILD\") and (EVENT < \"IHEAR_END\"))) and (IHEAR_BM.BM_CUSTOM -> ((EVENT >= \"PROD_INTRO\") and (EVENT < \"IHEAR_END\"))) and (IHEAR_BM.BM_INVISIBLE -> ((EVENT >= \"PROD_INTRO\") and (EVENT < \"IHEAR_END\"))) and (IHEAR_BM.BM_MAX -> ((EVENT >= \"PROD_INTRO\") and (EVENT < \"IHEAR_END\"))) and (IHEAR_BM.BM_POWER -> ((EVENT >= \"PROD_INTRO\") and (EVENT < \"IHEAR_END\")))","description":"Feature effectivity for features in family IHEAR_BM"}},{"id":"IHEAR_CLASS","type":"string","domain":["IHEAR_BASIC"],"domainEffectivity":{"expr":"(EVENT >= \"PROD_INTRO\") and (EVENT < \"IHEAR_END\") and (IHEAR_CLASS.IHEAR_BASIC -> ((EVENT >= \"PROD_INTRO\") and (EVENT < \"IHEAR_END\")))","description":"Feature effectivity for features in family IHEAR_CLASS"}},{"id":"PROD","type":"string","domain":["IHEAR"]},{"id":"BRND","type":"string","domain":["CHEAR_F"]}],"multiValuedGroups":[],"rules":[{"id":"{ace|brochure-model|pr=IHEAR,c=BM_CHILD|Brochure Model Definition for iHear Child (BM_CHILD)}","description":"Defining features for brochure model BM_CHILD","expr":"(IHEAR_BM = \"BM_CHILD\") -> (PRODUCT_LINE = \"CHILD\")","effectivityExpr":"(EVENT >= \"PROD_INTRO\") and (EVENT < \"IHEAR_END\") and (EVENT >= \"PROD_INTRO\") and (EVENT < \"IHEAR_END\")"},{"id":"{ace|brochure-model|pr=IHEAR,c=BM_CHILD|Brochure Model Derivatives for iHear Child (BM_CHILD)}","description":"Valid derivatives for brochure model BM_CHILD","expr":"(IHEAR_BM = \"BM_CHILD\") -> (IHEAR_CLASS = \"IHEAR_BASIC\")","effectivityExpr":"(EVENT >= \"PROD_INTRO\") and (EVENT < \"IHEAR_END\") and (EVENT >= \"PROD_INTRO\") and (EVENT < \"IHEAR_END\")"},{"id":"{ace|brochure-model|pr=IHEAR,c=BM_CUSTOM|Brochure Model Definition for iHear Custom (BM_CUSTOM)}","description":"Defining features for brochure model BM_CUSTOM","expr":"(IHEAR_BM = \"BM_CUSTOM\") -> (PRODUCT_LINE = \"CUSTOM\")","effectivityExpr":"(EVENT >= \"PROD_INTRO\") and (EVENT < \"IHEAR_END\") and (EVENT >= \"PROD_INTRO\") and (EVENT < \"IHEAR_END\")"},{"id":"{ace|brochure-model|pr=IHEAR,c=BM_CUSTOM|Brochure Model Derivatives for iHear Custom (BM_CUSTOM)}","description":"Valid derivatives for brochure model BM_CUSTOM","expr":"(IHEAR_BM = \"BM_CUSTOM\") -> (IHEAR_CLASS = \"IHEAR_BASIC\")","effectivityExpr":"(EVENT >= \"PROD_INTRO\") and (EVENT < \"IHEAR_END\") and (EVENT >= \"PROD_INTRO\") and (EVENT < \"IHEAR_END\")"},{"id":"{ace|brochure-model|pr=IHEAR,c=BM_INVISIBLE|Brochure Model Definition for iHear Invisible (BM_INVISIBLE)}","description":"Defining features for brochure model BM_INVISIBLE","expr":"(IHEAR_BM = \"BM_INVISIBLE\") -> (PRODUCT_LINE = \"INVISIBLE\")","effectivityExpr":"(EVENT >= \"PROD_INTRO\") and (EVENT < \"IHEAR_END\") and (EVENT >= \"PROD_INTRO\") and (EVENT < \"IHEAR_END\")"},{"id":"{ace|brochure-model|pr=IHEAR,c=BM_INVISIBLE|Brochure Model Derivatives for iHear Invisible (BM_INVISIBLE)}","description":"Valid derivatives for brochure model BM_INVISIBLE","expr":"(IHEAR_BM = \"BM_INVISIBLE\") -> (IHEAR_CLASS = \"IHEAR_BASIC\")","effectivityExpr":"(EVENT >= \"PROD_INTRO\") and (EVENT < \"IHEAR_END\") and (EVENT >= \"PROD_INTRO\") and (EVENT < \"IHEAR_END\")"},{"id":"{ace|brochure-model|pr=IHEAR,c=BM_MAX|Brochure Model Definition for iHear Max (BM_MAX)}","description":"Defining features for brochure model BM_MAX","expr":"(IHEAR_BM = \"BM_MAX\") -> (PRODUCT_LINE = \"MAX\")","effectivityExpr":"(EVENT >= \"PROD_INTRO\") and (EVENT < \"IHEAR_END\") and (EVENT >= \"PROD_INTRO\") and (EVENT < \"IHEAR_END\")"},{"id":"{ace|brochure-model|pr=IHEAR,c=BM_MAX|Brochure Model Derivatives for iHear Max (BM_MAX)}","description":"Valid derivatives for brochure model BM_MAX","expr":"(IHEAR_BM = \"BM_MAX\") -> (IHEAR_CLASS = \"IHEAR_BASIC\")","effectivityExpr":"(EVENT >= \"PROD_INTRO\") and (EVENT < \"IHEAR_END\") and (EVENT >= \"PROD_INTRO\") and (EVENT < \"IHEAR_END\")"},{"id":"{ace|brochure-model|pr=IHEAR,c=BM_POWER|Brochure Model Definition for iHear Power (BM_POWER)}","description":"Defining features for brochure model BM_POWER","expr":"(IHEAR_BM = \"BM_POWER\") -> (PRODUCT_LINE = \"POWER\")","effectivityExpr":"(EVENT >= \"PROD_INTRO\") and (EVENT < \"IHEAR_END\") and (EVENT >= \"PROD_INTRO\") and (EVENT < \"IHEAR_END\")"},{"id":"{ace|brochure-model|pr=IHEAR,c=BM_POWER|Brochure Model Derivatives for iHear Power (BM_POWER)}","description":"Valid derivatives for brochure model BM_POWER","expr":"(IHEAR_BM = \"BM_POWER\") -> (IHEAR_CLASS = \"IHEAR_BASIC\")","effectivityExpr":"(EVENT >= \"PROD_INTRO\") and (EVENT < \"IHEAR_END\") and (EVENT >= \"PROD_INTRO\") and (EVENT < \"IHEAR_END\")"},{"id":"{ace|event|pr=IHEAR,c=IHEAR_START|Build Date for Event Default Start Date (IHEAR_START)}","description":"Build Date range for Event IHEAR_START","expr":"(EVENT = \"IHEAR_START\") -> ((DIM_BUILDDATE >= |2000-01-01|) and (DIM_BUILDDATE < |2015-01-01|))"},{"id":"{ace|event|pr=IHEAR,c=PROD_INTRO|Build Date for Event Product Introduction (PROD_INTRO)}","description":"Build Date range for Event PROD_INTRO","expr":"(EVENT = \"PROD_INTRO\") -> ((DIM_BUILDDATE >= |2015-01-01|) and (DIM_BUILDDATE < |2016-07-11|))"},{"id":"{ace|event|pr=IHEAR,c=INTRO_CHILD|Build Date for Event Child version available (INTRO_CHILD)}","description":"Build Date range for Event INTRO_CHILD","expr":"(EVENT = \"INTRO_CHILD\") -> ((DIM_BUILDDATE >= |2016-07-11|) and (DIM_BUILDDATE < |2019-01-01|))"},{"id":"{ace|event|pr=IHEAR,c=INTRO_CUSTOM|Build Date for Event Custom hearing aid available (INTRO_CUSTOM)}","description":"Build Date range for Event INTRO_CUSTOM","expr":"(EVENT = \"INTRO_CUSTOM\") -> ((DIM_BUILDDATE >= |2019-01-01|) and (DIM_BUILDDATE < |9999-12-31|))"},{"id":"{ace|market-availability|pr=IHEAR|Market Availability}","description":"Market Availability","expr":"cpr((IHEAR_BM,MRKT,IHEAR_CLASS,EVENT>=,EVENT<),(BM_CHILD,USA..CAN,IHEAR_BASIC,INTRO_CHILD,IHEAR_END),(BM_CUSTOM,USA,IHEAR_BASIC,INTRO_CUSTOM,IHEAR_END),(BM_INVISIBLE,USA..DEU,IHEAR_BASIC,PROD_INTRO,IHEAR_END),(BM_MAX,{USA..GBR,DEU..CAN},IHEAR_BASIC,PROD_INTRO,IHEAR_END),(BM_POWER,USA..CAN,IHEAR_BASIC,PROD_INTRO,IHEAR_END))","effectivityExpr":"(EVENT >= \"PROD_INTRO\") and (EVENT < \"IHEAR_END\") and (EVENT >= \"PROD_INTRO\") and (EVENT < \"IHEAR_END\") and (EVENT >= \"PROD_INTRO\") and (EVENT < \"IHEAR_END\")"},{"id":"UnavailableEvents","description":"Events that are not allowed to be selected","expr":"not (EVENT in {\"IHEAR_END\"})"},{"id":"{ace|programme|pr=IHEAR,c=NOPROGRAMME|Events for Programme  (NOPROGRAMME)}","description":"Events for Programme NOPROGRAMME","expr":"(EVENT in {\"IHEAR_START\",\"PROD_INTRO\",\"INTRO_CHILD\",\"INTRO_CUSTOM\",\"IHEAR_END\"}) = (PROGRAMME = \"NOPROGRAMME\")"},{"id":"{ace|rule|pr=IHEAR,c=1|Battery Alignment and microphone restriction (1)}","description":"Battery Alignment and microphone restriction","expr":"MICROPHONES.MICR_DUAL -> BATTERY_DRAWER.BATT_VERTICAL","effectivityExpr":"(EVENT >= \"PROD_INTRO\") and (EVENT < \"IHEAR_END\")"},{"id":"{ace|rule|pr=IHEAR,c=2|Autophone <-> AP software (2)}","description":"Autophone <-> AP software","expr":"(AUTOPHONE.AUTOPHONE_YES or AP.AP_YES) -> (AUTOPHONE.AUTOPHONE_YES and AP.AP_YES)","effectivityExpr":"(EVENT >= \"PROD_INTRO\") and (EVENT < \"IHEAR_END\")"},{"id":"{ace|rule|pr=IHEAR,c=3|Autotelecoil <-> AT software (3)}","description":"Autotelecoil <-> AT software","expr":"(AUTOTELECOIL.AUTOTELECOIL_YES or AT.AT_YES) -> (AUTOTELECOIL.AUTOTELECOIL_YES and AT.AT_YES)","effectivityExpr":"(EVENT >= \"PROD_INTRO\") and (EVENT < \"IHEAR_END\")"},{"id":"{ace|rule|pr=IHEAR,c=4|Binaural communications <-> BIN software (4)}","description":"Binaural communications <-> BIN software","expr":"(BINAURAL.BINAURAL_YES or BIN.BIN_YES) -> (BINAURAL.BINAURAL_YES and BIN.BIN_YES)","effectivityExpr":"(EVENT >= \"PROD_INTRO\") and (EVENT < \"IHEAR_END\")"},{"id":"{ace|rule|pr=IHEAR,c=5|Music streaming <-> Music software (5)}","description":"Music streaming <-> Music software","expr":"(MUSIC.MUSIC_YES or MUS.MUS_YES) -> (MUSIC.MUSIC_YES and MUS.MUS_YES)","effectivityExpr":"(EVENT >= \"PROD_INTRO\") and (EVENT < \"IHEAR_END\")"},{"id":"{ace|rule|pr=IHEAR,c=6|SpaceRestrictions for determining battery size (6)}","description":"SpaceRestrictions for determining battery size","expr":"if (STYLE.STYLE_ITE and WIRELESS_COIL.WIRELESS_COIL_YES and TELECOIL.TELECOIL_YES and AnyOf(SWITCHES.SWITCHES_GMR,SWITCHES.SWIT_REED)) then BATTERY_SIZE.BATTERY_SIZE_10 else (if (STYLE.STYLE_RITE and WIRELESS_COIL.WIRELESS_COIL_YES and TELECOIL.TELECOIL_YES and SWITCHES.SWIT_GMR_AND_REED) then BATTERY_SIZE.BATTERY_SIZE_10 else ((STYLE.STYLE_RITE and WIRELESS_COIL.WIRELESS_COIL_YES and TELECOIL.TELECOIL_YES and AnyOf(SWITCHES.SWITCHES_GMR,SWITCHES.SWIT_REED)) -> BATTERY_SIZE.BATTERY_SIZE_312))","effectivityExpr":"(EVENT >= \"PROD_INTRO\") and (EVENT < \"IHEAR_END\")"},{"id":"{ace|rule|pr=IHEAR,c=7|Switch GMR and Reed cannot go with Style: In the Ear (7)}","description":"Switch GMR and Reed cannot go with Style: In the Ear","expr":"SWITCHES.SWIT_GMR_AND_REED -> not STYLE.STYLE_ITE","effectivityExpr":"(EVENT >= \"PROD_INTRO\") and (EVENT < \"IHEAR_END\")"},{"id":"{ace|rule|pr=IHEAR,c=8|AP software requires switch (no less switch) (8)}","description":"AP software requires switch (no less switch)","expr":"AP.AP_YES -> not SWITCHES.SWIT_NONE","effectivityExpr":"(EVENT >= \"PROD_INTRO\") and (EVENT < \"IHEAR_END\")"},{"id":"{ace|rule|pr=IHEAR,c=9|AT software goes with both GMR type switches (9)}","description":"AT software goes with both GMR type switches","expr":"AT.AT_YES -> AnyOf(SWITCHES.SWITCHES_GMR,SWITCHES.SWIT_GMR_AND_REED)","effectivityExpr":"(EVENT >= \"PROD_INTRO\") and (EVENT < \"IHEAR_END\")"},{"id":"{ace|rule|pr=IHEAR,c=10|BIN software drives wireless coil, ADSP software and either 2, 4 or 8 cpus (10)}","description":"BIN software drives wireless coil, ADSP software and either 2, 4 or 8 cpus","expr":"BIN.BIN_YES -> (WIRELESS_COIL.WIRELESS_COIL_YES and AnyOf(CPUS.CPUS_2,CPUS.CPUS_4,CPUS.CPUS_8) and DSP.DSP_ADSP)","effectivityExpr":"(EVENT >= \"PROD_INTRO\") and (EVENT < \"IHEAR_END\")"},{"id":"{ace|rule|pr=IHEAR,c=11|DIR software drives dual mic. and either 2, 4 or 8 cpus (11)}","description":"DIR software drives dual mic. and either 2, 4 or 8 cpus","expr":"DIR.DIR_YES -> (MICROPHONES.MICR_DUAL and AnyOf(CPUS.CPUS_2,CPUS.CPUS_4,CPUS.CPUS_8))","effectivityExpr":"(EVENT >= \"PROD_INTRO\") and (EVENT < \"IHEAR_END\")"},{"id":"{ace|rule|pr=IHEAR,c=12|ADSP software drives 4 or 8 cpus (12)}","description":"ADSP software drives 4 or 8 cpus","expr":"DSP.DSP_ADSP -> AnyOf(CPUS.CPUS_4,CPUS.CPUS_8)","effectivityExpr":"(EVENT >= \"PROD_INTRO\") and (EVENT < \"IHEAR_END\")"},{"id":"{ace|rule|pr=IHEAR,c=13|MUS software drives wireless coil (13)}","description":"MUS software drives wireless coil","expr":"MUS.MUS_YES -> WIRELESS_COIL.WIRELESS_COIL_YES","effectivityExpr":"(EVENT >= \"PROD_INTRO\") and (EVENT < \"IHEAR_END\")"},{"id":"{ace|rule|pr=IHEAR,c=14|SPA software drives omni direction mic. and either 2, 4, or 8 cpus (14)}","description":"SPA software drives omni direction mic. and either 2, 4, or 8 cpus","expr":"SPA.SPA_YES -> (MICROPHONES.MICR_OMNIDIRECTIONAL and AnyOf(CPUS.CPUS_2,CPUS.CPUS_4,CPUS.CPUS_8))","effectivityExpr":"(EVENT >= \"PROD_INTRO\") and (EVENT < \"IHEAR_END\")"},{"id":"{ace|rule|pr=IHEAR,c=15|combination of AP and AT software drives GMR and Reed switch (15)}","description":"combination of AP and AT software drives GMR and Reed switch","expr":"(AP.AP_YES and AT.AT_YES) -> SWITCHES.SWIT_GMR_AND_REED","effectivityExpr":"(EVENT >= \"PROD_INTRO\") and (EVENT < \"IHEAR_END\")"},{"id":"{ace|rule|pr=IHEAR,c=26|Child version is for child age (26)}","description":"Child version is for child age","expr":"IHEAR_BM.BM_CHILD -> AGE.AGE_CHILD","effectivityExpr":"(EVENT >= \"INTRO_CHILD\") and (EVENT < \"IHEAR_END\")"},{"id":"{ace|rule|pr=IHEAR,c=16|Hearing Loss and power level requirements (16)}","description":"Hearing Loss and power level requirements","expr":"table((HEARING_LOSS,POWER_LEVEL),(HEAR_MILD,POWER_LEVEL_P1),(HEAR_MILD,POWER_LEVEL_P2),(HEAR_MODERATE,POWER_LEVEL_P2),(HEAR_MODERATE,POWER_LEVEL_P3),(HEAR_SEVERE,POWER_LEVEL_P3),(HEAR_SEVERE,POWER_LEVEL_P4))","effectivityExpr":"(EVENT >= \"PROD_INTRO\") and (EVENT < \"IHEAR_END\")"},{"id":"{ace|rule|pr=IHEAR,c=17|Chipsets: driven by CPU to RAM relationship (17)}","description":"Chipsets: driven by CPU to RAM relationship","expr":"table((RAM,CPUS),(RAM_128,CPUS_8),(RAM_32,CPUS_2),(RAM_64,CPUS_4),(RAM_8,CPUS_1))","effectivityExpr":"(EVENT >= \"PROD_INTRO\") and (EVENT < \"IHEAR_END\")"},{"id":"{ace|rule|pr=IHEAR,c=18|Battery drawer orientation relationship with style (18)}","description":"Battery drawer orientation relationship with style","expr":"table((STYLE,BATTERY_DRAWER),(STYLE_BTE,BATT_VERTICAL),(STYLE_ITE,BATT_VERTICAL),(STYLE_ITE,BATT_HORIZONTAL),(STYLE_RITE,BATT_VERTICAL))","effectivityExpr":"(EVENT >= \"PROD_INTRO\") and (EVENT < \"IHEAR_END\")"},{"id":"{ace|rule|pr=IHEAR,c=19|Power Level and style relationship (19)}","description":"Power Level and style relationship","expr":"table((STYLE,POWER_LEVEL),(STYLE_BTE,POWER_LEVEL_P2),(STYLE_BTE,POWER_LEVEL_P3),(STYLE_BTE,POWER_LEVEL_P4),(STYLE_ITE,POWER_LEVEL_P2),(STYLE_ITE,POWER_LEVEL_P1),(STYLE_RITE,POWER_LEVEL_P2),(STYLE_RITE,POWER_LEVEL_P3),(STYLE_RITE,POWER_LEVEL_P4))","effectivityExpr":"(EVENT >= \"PROD_INTRO\") and (EVENT < \"IHEAR_END\")"},{"id":"{ace|rule|pr=IHEAR,c=20|Push Button and relationship with style (20)}","description":"Push Button and relationship with style","expr":"table((STYLE,PUSH_BUTTON),(STYLE_BTE,PUSH_SINGLE),(STYLE_BTE,PUSH_DOUBLE),(STYLE_ITE,PUSH_DOUBLE),(STYLE_RITE,PUSH_SINGLE),(STYLE_RITE,PUSH_DOUBLE))","effectivityExpr":"(EVENT >= \"PROD_INTRO\") and (EVENT < \"IHEAR_END\")"},{"id":"{ace|rule|pr=IHEAR,c=21|Battery size relationship with style (21)}","description":"Battery size relationship with style","expr":"table((STYLE,BATTERY_SIZE),(STYLE_BTE,BATTERY_SIZE_10),(STYLE_BTE,BATTERY_SIZE_13),(STYLE_BTE,BATTERY_SIZE_312),(STYLE_ITE,BATTERY_SIZE_10),(STYLE_ITE,BATTERY_SIZE_312),(STYLE_RITE,BATTERY_SIZE_10),(STYLE_RITE,BATTERY_SIZE_13),(STYLE_RITE,BATTERY_SIZE_312))","effectivityExpr":"(EVENT >= \"PROD_INTRO\") and (EVENT < \"IHEAR_END\")"},{"id":"{ace|rule|pr=IHEAR,c=22|Sound Processing relationship to DSP software (22)}","description":"Sound Processing relationship to DSP software","expr":"table((DSP,SOUND),(DSP_ADSP,SOUND_ADVANCED),(DSP_DSP,SOUND_BASIC))","effectivityExpr":"(EVENT >= \"PROD_INTRO\") and (EVENT < \"IHEAR_END\")"},{"id":"{ace|rule|pr=IHEAR,c=23|Spatial Sound level and required software (23)}","description":"Spatial Sound level and required software","expr":"table((SPATIAL,SPA),(SPAT_ADVANCED,SPA_NO),(SPAT_BASIC,SPA_YES),(SPAT_NONE,SPA_NO)) and table((SPATIAL,DIR),(SPAT_ADVANCED,DIR_YES),(SPAT_BASIC,DIR_NO),(SPAT_NONE,DIR_NO))","effectivityExpr":"(EVENT >= \"PROD_INTRO\") and (EVENT < \"IHEAR_END\")"},{"id":"{ace|rule|pr=IHEAR,c=24|Volume Wheels relationship with style (24)}","description":"Volume Wheels relationship with style","expr":"table((VOLUME_WHEEL,STYLE),(VOLU_ANALOG,STYLE_BTE),(VOLU_ANALOG,STYLE_RITE),(VOLU_DIGITAL,STYLE_BTE),(VOLU_DIGITAL,STYLE_RITE),(VOLU_NONE,STYLE_ITE))","effectivityExpr":"(EVENT >= \"PROD_INTRO\") and (EVENT < \"IHEAR_END\")"},{"id":"{ace|rule|pr=IHEAR,c=25|Colors and product line availability (25)}","description":"Colors and product line availability","expr":"table((COLOR,PRODUCT_LINE),(COLOR_BEIGE,CHILD),(COLOR_BEIGE,CUSTOM),(COLOR_BEIGE,MAX),(COLOR_BEIGE,POWER),(COLOR_BLACK,CUSTOM),(COLOR_BLACK,MAX),(COLOR_BLACK,POWER),(COLOR_BLUE,CHILD),(COLOR_BLUE,CUSTOM),(COLOR_BLUE,MAX),(COLOR_BLUE,POWER),(COLOR_BROWN,CUSTOM),(COLOR_BROWN,MAX),(COLOR_BROWN,POWER),(COLOR_PINK,CHILD),(COLOR_PINK,CUSTOM),(COLOR_PINK,MAX),(COLOR_PINK,POWER),(COLOR_TRANSPARENT,CUSTOM),(COLOR_TRANSPARENT,MAX),(COLOR_TRANSPARENT,POWER),(COLOR_TRANSPARENT,INVISIBLE),(COLOR_WHITE,CUSTOM),(COLOR_WHITE,MAX),(COLOR_WHITE,POWER))","effectivityExpr":"(EVENT >= \"PROD_INTRO\") and (EVENT < \"IHEAR_END\")"},{"id":"{ace|feature-applicability|pr=IHEAR,ff=STYLE|Feature Applicability for Features in Feature Family Style (STYLE)}","description":"Feature Applicability for the family STYLE","expr":"((EVENT >= \"PROD_INTRO\") and (EVENT < \"IHEAR_END\") and (EVENT >= \"PROD_INTRO\") and (EVENT < \"IHEAR_END\") and (EVENT >= \"PROD_INTRO\") and (EVENT < \"IHEAR_END\") and (EVENT >= \"PROD_INTRO\") and (EVENT < \"IHEAR_END\") and (EVENT >= \"PROD_INTRO\") and (EVENT < \"IHEAR_END\")) -> cpr((MRKT,IHEAR_BM,EVENT,STYLE),({USA..GBR,DEU},BM_CHILD,INTRO_CHILD..INTRO_CUSTOM,STYLE_BTE..STYLE_RITE),({USA..GBR,DEU},{BM_CUSTOM,BM_MAX..BM_POWER},PROD_INTRO..INTRO_CUSTOM,STYLE_BTE..STYLE_RITE),({USA..GBR,DEU},BM_INVISIBLE,PROD_INTRO..INTRO_CUSTOM,STYLE_ITE),(DNK..SWE,BM_CHILD,INTRO_CHILD..INTRO_CUSTOM,STYLE_BTE..STYLE_RITE),(DNK..SWE,BM_INVISIBLE,PROD_INTRO..INTRO_CUSTOM,STYLE_ITE),(DNK..SWE,BM_POWER,PROD_INTRO..INTRO_CUSTOM,STYLE_BTE..STYLE_RITE),(CAN,BM_CHILD,INTRO_CHILD..INTRO_CUSTOM,STYLE_BTE..STYLE_RITE),(CAN,BM_MAX..BM_POWER,PROD_INTRO..INTRO_CUSTOM,STYLE_BTE..STYLE_RITE))"},{"id":"{ace|feature-applicability|pr=IHEAR,ff=POWER_LEVEL|Feature Applicability for Features in Feature Family Power Level (POWER_LEVEL)}","description":"Feature Applicability for the family POWER_LEVEL","expr":"((EVENT >= \"PROD_INTRO\") and (EVENT < \"IHEAR_END\") and (EVENT >= \"PROD_INTRO\") and (EVENT < \"IHEAR_END\") and (EVENT >= \"PROD_INTRO\") and (EVENT < \"IHEAR_END\") and (EVENT >= \"PROD_INTRO\") and (EVENT < \"IHEAR_END\") and (EVENT >= \"PROD_INTRO\") and (EVENT < \"IHEAR_END\")) -> cpr((MRKT,IHEAR_BM,EVENT,POWER_LEVEL),({USA..GBR,DEU},BM_CHILD,INTRO_CHILD..INTRO_CUSTOM,POWER_LEVEL_P2..POWER_LEVEL_P4),({USA..GBR,DEU},BM_CUSTOM,PROD_INTRO..INTRO_CUSTOM,POWER_LEVEL_P3..POWER_LEVEL_P4),({USA..GBR,DEU},BM_INVISIBLE,PROD_INTRO..INTRO_CUSTOM,POWER_LEVEL_P1..POWER_LEVEL_P4),({USA..GBR,DEU},BM_MAX,PROD_INTRO..INTRO_CUSTOM,POWER_LEVEL_P2..POWER_LEVEL_P4),({USA..GBR,DEU},BM_POWER,PROD_INTRO..INTRO_CUSTOM,POWER_LEVEL_P4),(DNK..SWE,BM_CHILD,INTRO_CHILD..INTRO_CUSTOM,POWER_LEVEL_P2..POWER_LEVEL_P4),(DNK..SWE,BM_INVISIBLE,PROD_INTRO..INTRO_CUSTOM,POWER_LEVEL_P1..POWER_LEVEL_P4),(DNK..SWE,BM_POWER,PROD_INTRO..INTRO_CUSTOM,POWER_LEVEL_P4),(CAN,BM_CHILD,INTRO_CHILD..INTRO_CUSTOM,POWER_LEVEL_P2..POWER_LEVEL_P4),(CAN,BM_MAX,PROD_INTRO..INTRO_CUSTOM,POWER_LEVEL_P2..POWER_LEVEL_P4),(CAN,BM_POWER,PROD_INTRO..INTRO_CUSTOM,POWER_LEVEL_P4))"},{"id":"{ace|feature-applicability|pr=IHEAR,ff=AUTOPHONE|Feature Applicability for Features in Feature Family Add autophone (AUTOPHONE)}","description":"Feature Applicability for the family AUTOPHONE","expr":"((EVENT >= \"PROD_INTRO\") and (EVENT < \"IHEAR_END\") and (EVENT >= \"PROD_INTRO\") and (EVENT < \"IHEAR_END\") and (EVENT >= \"PROD_INTRO\") and (EVENT < \"IHEAR_END\") and (EVENT >= \"PROD_INTRO\") and (EVENT < \"IHEAR_END\") and (EVENT >= \"PROD_INTRO\") and (EVENT < \"IHEAR_END\")) -> cpr((MRKT,IHEAR_BM,EVENT,AUTOPHONE),({USA..GBR,DEU},BM_CHILD,INTRO_CHILD..INTRO_CUSTOM,AUTOPHONE_NO),({USA..GBR,DEU},{BM_CUSTOM,BM_MAX},PROD_INTRO..INTRO_CUSTOM,AUTOPHONE_YES),({USA..GBR,DEU},{BM_INVISIBLE,BM_POWER},PROD_INTRO..INTRO_CUSTOM,AUTOPHONE_NO),(DNK..SWE,BM_CHILD,INTRO_CHILD..INTRO_CUSTOM,AUTOPHONE_NO),(DNK..SWE,{BM_INVISIBLE,BM_POWER},PROD_INTRO..INTRO_CUSTOM,AUTOPHONE_NO),(CAN,BM_CHILD,INTRO_CHILD..INTRO_CUSTOM,AUTOPHONE_NO),(CAN,BM_MAX,PROD_INTRO..INTRO_CUSTOM,AUTOPHONE_YES),(CAN,BM_POWER,PROD_INTRO..INTRO_CUSTOM,AUTOPHONE_NO))"},{"id":"{ace|feature-applicability|pr=IHEAR,ff=AUTOTELECOIL|Feature Applicability for Features in Feature Family Add autotelecoil (AUTOTELECOIL)}","description":"Feature Applicability for the family AUTOTELECOIL","expr":"((EVENT >= \"PROD_INTRO\") and (EVENT < \"IHEAR_END\") and (EVENT >= \"PROD_INTRO\") and (EVENT < \"IHEAR_END\") and (EVENT >= \"PROD_INTRO\") and (EVENT < \"IHEAR_END\") and (EVENT >= \"PROD_INTRO\") and (EVENT < \"IHEAR_END\") and (EVENT >= \"PROD_INTRO\") and (EVENT < \"IHEAR_END\")) -> cpr((MRKT,IHEAR_BM,EVENT,AUTOTELECOIL),({USA..GBR,DEU},BM_CHILD,INTRO_CHILD..INTRO_CUSTOM,AUTOTELECOIL_NO),({USA..GBR,DEU},BM_CUSTOM..BM_POWER,PROD_INTRO..INTRO_CUSTOM,AUTOTELECOIL_NO),(DNK..SWE,BM_CHILD,INTRO_CHILD..INTRO_CUSTOM,AUTOTELECOIL_NO),(DNK..SWE,{BM_INVISIBLE,BM_POWER},PROD_INTRO..INTRO_CUSTOM,AUTOTELECOIL_NO),(CAN,BM_CHILD,INTRO_CHILD..INTRO_CUSTOM,AUTOTELECOIL_NO),(CAN,BM_MAX..BM_POWER,PROD_INTRO..INTRO_CUSTOM,AUTOTELECOIL_NO))"},{"id":"{ace|feature-applicability|pr=IHEAR,ff=BINAURAL|Feature Applicability for Features in Feature Family Include binaural communication (BINAURAL)}","description":"Feature Applicability for the family BINAURAL","expr":"((EVENT >= \"PROD_INTRO\") and (EVENT < \"IHEAR_END\") and (EVENT >= \"PROD_INTRO\") and (EVENT < \"IHEAR_END\") and (EVENT >= \"PROD_INTRO\") and (EVENT < \"IHEAR_END\") and (EVENT >= \"PROD_INTRO\") and (EVENT < \"IHEAR_END\") and (EVENT >= \"PROD_INTRO\") and (EVENT < \"IHEAR_END\")) -> cpr((MRKT,IHEAR_BM,EVENT,BINAURAL),({USA..GBR,DEU},BM_CHILD,INTRO_CHILD..INTRO_CUSTOM,BINAURAL_NO),({USA..GBR,DEU},BM_CUSTOM..BM_MAX,PROD_INTRO..INTRO_CUSTOM,BINAURAL_NO),({USA..GBR,DEU},BM_POWER,PROD_INTRO..INTRO_CUSTOM,BINAURAL_NO..BINAURAL_YES),(DNK..SWE,BM_CHILD,INTRO_CHILD..INTRO_CUSTOM,BINAURAL_NO),(DNK..SWE,BM_INVISIBLE,PROD_INTRO..INTRO_CUSTOM,BINAURAL_NO),(DNK..SWE,BM_POWER,PROD_INTRO..INTRO_CUSTOM,BINAURAL_NO..BINAURAL_YES),(CAN,BM_CHILD,INTRO_CHILD..INTRO_CUSTOM,BINAURAL_NO),(CAN,BM_MAX,PROD_INTRO..INTRO_CUSTOM,BINAURAL_NO),(CAN,BM_POWER,PROD_INTRO..INTRO_CUSTOM,BINAURAL_NO..BINAURAL_YES))"},{"id":"{ace|feature-applicability|pr=IHEAR,ff=MUSIC|Feature Applicability for Features in Feature Family Enable music streaming (MUSIC)}","description":"Feature Applicability for the family MUSIC","expr":"((EVENT >= \"PROD_INTRO\") and (EVENT < \"IHEAR_END\") and (EVENT >= \"PROD_INTRO\") and (EVENT < \"IHEAR_END\") and (EVENT >= \"PROD_INTRO\") and (EVENT < \"IHEAR_END\") and (EVENT >= \"PROD_INTRO\") and (EVENT < \"IHEAR_END\") and (EVENT >= \"PROD_INTRO\") and (EVENT < \"IHEAR_END\")) -> cpr((MRKT,IHEAR_BM,EVENT,MUSIC),({USA..GBR,DEU},BM_CHILD,INTRO_CHILD..INTRO_CUSTOM,MUSIC_NO..MUSIC_YES),({USA..GBR,DEU},{BM_CUSTOM,BM_MAX},PROD_INTRO..INTRO_CUSTOM,MUSIC_YES),({USA..GBR,DEU},{BM_INVISIBLE,BM_POWER},PROD_INTRO..INTRO_CUSTOM,MUSIC_NO),(DNK..SWE,BM_CHILD,INTRO_CHILD..INTRO_CUSTOM,MUSIC_NO..MUSIC_YES),(DNK..SWE,{BM_INVISIBLE,BM_POWER},PROD_INTRO..INTRO_CUSTOM,MUSIC_NO),(CAN,BM_CHILD,INTRO_CHILD..INTRO_CUSTOM,MUSIC_NO..MUSIC_YES),(CAN,BM_MAX,PROD_INTRO..INTRO_CUSTOM,MUSIC_YES),(CAN,BM_POWER,PROD_INTRO..INTRO_CUSTOM,MUSIC_NO))"},{"id":"{ace|feature-applicability|pr=IHEAR,ff=SOUND|Feature Applicability for Features in Feature Family Level of sound processing (SOUND)}","description":"Feature Applicability for the family SOUND","expr":"((EVENT >= \"PROD_INTRO\") and (EVENT < \"IHEAR_END\") and (EVENT >= \"PROD_INTRO\") and (EVENT < \"IHEAR_END\") and (EVENT >= \"PROD_INTRO\") and (EVENT < \"IHEAR_END\") and (EVENT >= \"PROD_INTRO\") and (EVENT < \"IHEAR_END\") and (EVENT >= \"PROD_INTRO\") and (EVENT < \"IHEAR_END\")) -> cpr((MRKT,IHEAR_BM,EVENT,SOUND),({USA..GBR,DEU},BM_CHILD,INTRO_CHILD..INTRO_CUSTOM,SOUND_BASIC),({USA..GBR,DEU},BM_CUSTOM..BM_MAX,PROD_INTRO..INTRO_CUSTOM,SOUND_ADVANCED),({USA..GBR,DEU},BM_POWER,PROD_INTRO..INTRO_CUSTOM,SOUND_ADVANCED..SOUND_BASIC),(DNK..SWE,BM_CHILD,INTRO_CHILD..INTRO_CUSTOM,SOUND_BASIC),(DNK..SWE,BM_INVISIBLE,PROD_INTRO..INTRO_CUSTOM,SOUND_ADVANCED),(DNK..SWE,BM_POWER,PROD_INTRO..INTRO_CUSTOM,SOUND_ADVANCED..SOUND_BASIC),(CAN,BM_CHILD,INTRO_CHILD..INTRO_CUSTOM,SOUND_BASIC),(CAN,BM_MAX,PROD_INTRO..INTRO_CUSTOM,SOUND_ADVANCED),(CAN,BM_POWER,PROD_INTRO..INTRO_CUSTOM,SOUND_ADVANCED..SOUND_BASIC))"},{"id":"{ace|feature-applicability|pr=IHEAR,ff=SPATIAL|Feature Applicability for Features in Feature Family Level of spatial sound (SPATIAL)}","description":"Feature Applicability for the family SPATIAL","expr":"((EVENT >= \"PROD_INTRO\") and (EVENT < \"IHEAR_END\") and (EVENT >= \"PROD_INTRO\") and (EVENT < \"IHEAR_END\") and (EVENT >= \"PROD_INTRO\") and (EVENT < \"IHEAR_END\") and (EVENT >= \"PROD_INTRO\") and (EVENT < \"IHEAR_END\") and (EVENT >= \"PROD_INTRO\") and (EVENT < \"IHEAR_END\")) -> cpr((MRKT,IHEAR_BM,EVENT,SPATIAL),({USA..GBR,DEU},BM_CHILD,INTRO_CHILD..INTRO_CUSTOM,SPAT_NONE),({USA..GBR,DEU},BM_CUSTOM,PROD_INTRO..INTRO_CHILD,SPAT_NONE),({USA..GBR,DEU},BM_CUSTOM,INTRO_CUSTOM,SPAT_NONE..SPAT_BASIC),({USA..GBR,DEU},BM_INVISIBLE,PROD_INTRO..INTRO_CUSTOM,SPAT_NONE),({USA..GBR,DEU},BM_MAX,PROD_INTRO..INTRO_CUSTOM,SPAT_NONE..SPAT_BASIC),({USA..GBR,DEU},BM_POWER,PROD_INTRO..INTRO_CUSTOM,SPAT_ADVANCED..SPAT_BASIC),(DNK..SWE,BM_CHILD,INTRO_CHILD..INTRO_CUSTOM,SPAT_NONE),(DNK..SWE,BM_INVISIBLE,PROD_INTRO..INTRO_CUSTOM,SPAT_NONE),(DNK..SWE,BM_POWER,PROD_INTRO..INTRO_CUSTOM,SPAT_ADVANCED..SPAT_BASIC),(CAN,BM_CHILD,INTRO_CHILD..INTRO_CUSTOM,SPAT_NONE),(CAN,BM_MAX,PROD_INTRO..INTRO_CUSTOM,SPAT_NONE..SPAT_BASIC),(CAN,BM_POWER,PROD_INTRO..INTRO_CUSTOM,SPAT_ADVANCED..SPAT_BASIC))"}],"macros":[{"id":"NoneOf","parameters":[{"id":"args","isSet":true}],"expr":"truecount args = 0"},{"id":"AnyOf","parameters":[{"id":"args","isSet":true}],"expr":"truecount args > 0"},{"id":"ExactlyOneOf","parameters":[{"id":"args","isSet":true}],"expr":"truecount args = 1"},{"id":"AtMostOneOf","parameters":[{"id":"args","isSet":true}],"expr":"truecount args <= 1"},{"id":"AtLeastOneOf","parameters":[{"id":"args","isSet":true}],"expr":"truecount args >= 1"},{"id":"AllOf","parameters":[{"id":"args","isSet":true}],"expr":"truecount args = count args"}],"defaults":[{"id":"IHEARDefaults","evalMethod":"stable","requests":[{"id":"ScopedDefaultDataIdAUTOPHONE","description":"Feature Applicability defaults for ScopedDefaultDataIdAUTOPHONE","type":"defaultExpression","expr":"cpr((AUTOPHONE,IHEAR_BM,EVENT),(AUTOPHONE_NO,*,*),(AUTOPHONE_YES,BM_CHILD,{IHEAR_START..PROD_INTRO,IHEAR_END}),(AUTOPHONE_YES,BM_CUSTOM..BM_MAX,*),(AUTOPHONE_YES,BM_POWER,{IHEAR_START,IHEAR_END}))","operator":"independentPrioritized","variables":["AUTOPHONE"],"effectivityExpr":"(EVENT >= \"PROD_INTRO\") and (EVENT < \"IHEAR_END\") and (EVENT >= \"PROD_INTRO\") and (EVENT < \"IHEAR_END\") and (EVENT >= \"PROD_INTRO\") and (EVENT < \"IHEAR_END\") and (EVENT >= \"PROD_INTRO\") and (EVENT < \"IHEAR_END\")"},{"id":"ScopedDefaultDataIdAUTOTELECOIL","description":"Feature Applicability defaults for ScopedDefaultDataIdAUTOTELECOIL","type":"defaultExpression","expr":"cpr((AUTOTELECOIL,IHEAR_BM,EVENT),(AUTOTELECOIL_NO,*,*),(AUTOTELECOIL_YES,BM_CHILD,{IHEAR_START..PROD_INTRO,IHEAR_END}),(AUTOTELECOIL_YES,BM_CUSTOM..BM_MAX,*),(AUTOTELECOIL_YES,BM_POWER,{IHEAR_START,IHEAR_END}))","operator":"independentPrioritized","variables":["AUTOTELECOIL"],"effectivityExpr":"(EVENT >= \"PROD_INTRO\") and (EVENT < \"IHEAR_END\") and (EVENT >= \"PROD_INTRO\") and (EVENT < \"IHEAR_END\") and (EVENT >= \"PROD_INTRO\") and (EVENT < \"IHEAR_END\") and (EVENT >= \"PROD_INTRO\") and (EVENT < \"IHEAR_END\")"},{"id":"ScopedDefaultDataIdBINAURAL","description":"Feature Applicability defaults for ScopedDefaultDataIdBINAURAL","type":"defaultExpression","expr":"cpr((BINAURAL,MRKT,IHEAR_BM,EVENT),(BINAURAL_NO,*,*,*),(BINAURAL_YES,{USA..GBR,DEU},BM_CHILD,{IHEAR_START..PROD_INTRO,IHEAR_END}),(BINAURAL_YES,{USA..GBR,DEU},BM_CUSTOM..BM_POWER,{IHEAR_START,IHEAR_END}),(BINAURAL_YES,DNK..SWE,BM_CHILD,{IHEAR_START..PROD_INTRO,IHEAR_END}),(BINAURAL_YES,DNK..SWE,{BM_CUSTOM,BM_MAX},*),(BINAURAL_YES,DNK..SWE,{BM_INVISIBLE,BM_POWER},{IHEAR_START,IHEAR_END}),(BINAURAL_YES,CAN,BM_CHILD,{IHEAR_START..PROD_INTRO,IHEAR_END}),(BINAURAL_YES,CAN,BM_CUSTOM..BM_INVISIBLE,*),(BINAURAL_YES,CAN,BM_MAX..BM_POWER,{IHEAR_START,IHEAR_END}))","operator":"independentPrioritized","variables":["BINAURAL"],"effectivityExpr":"(EVENT >= \"PROD_INTRO\") and (EVENT < \"IHEAR_END\") and (EVENT >= \"PROD_INTRO\") and (EVENT < \"IHEAR_END\") and (EVENT >= \"PROD_INTRO\") and (EVENT < \"IHEAR_END\") and (EVENT >= \"PROD_INTRO\") and (EVENT < \"IHEAR_END\")"},{"id":"ScopedDefaultDataIdMUSIC","description":"Feature Applicability defaults for ScopedDefaultDataIdMUSIC","type":"defaultExpression","expr":"cpr((MUSIC,MRKT,IHEAR_BM,EVENT),(MUSIC_NO,{USA..GBR,DEU},{BM_CHILD,BM_INVISIBLE,BM_POWER},*),(MUSIC_NO,{USA..GBR,DEU},{BM_CUSTOM,BM_MAX},{IHEAR_START,IHEAR_END}),(MUSIC_NO,DNK..SWE,*,*),(MUSIC_NO,CAN,{BM_CHILD..BM_INVISIBLE,BM_POWER},*),(MUSIC_NO,CAN,BM_MAX,{IHEAR_START,IHEAR_END}),(MUSIC_YES,USA..DEU,BM_CHILD,{IHEAR_START..PROD_INTRO,IHEAR_END}),(MUSIC_YES,USA..DEU,{BM_CUSTOM,BM_MAX},*),(MUSIC_YES,USA..DEU,{BM_INVISIBLE,BM_POWER},{IHEAR_START,IHEAR_END}),(MUSIC_YES,CAN,BM_CHILD,{IHEAR_START..PROD_INTRO,IHEAR_END}),(MUSIC_YES,CAN,BM_CUSTOM..BM_MAX,*),(MUSIC_YES,CAN,BM_POWER,{IHEAR_START,IHEAR_END}))","operator":"independentPrioritized","variables":["MUSIC"],"effectivityExpr":"(EVENT >= \"PROD_INTRO\") and (EVENT < \"IHEAR_END\") and (EVENT >= \"PROD_INTRO\") and (EVENT < \"IHEAR_END\") and (EVENT >= \"PROD_INTRO\") and (EVENT < \"IHEAR_END\") and (EVENT >= \"PROD_INTRO\") and (EVENT < \"IHEAR_END\")"},{"id":"ScopedDefaultDataIdPOWER_LEVEL","description":"Feature Applicability defaults for ScopedDefaultDataIdPOWER_LEVEL","type":"defaultExpression","expr":"cpr((POWER_LEVEL,MRKT,IHEAR_BM,EVENT),(POWER_LEVEL_P1,{USA..GBR,DEU..CAN},BM_CHILD,{IHEAR_START..PROD_INTRO,IHEAR_END}),(POWER_LEVEL_P1,{USA..GBR,DEU..CAN},BM_CUSTOM..BM_INVISIBLE,*),(POWER_LEVEL_P1,{USA..GBR,DEU..CAN},BM_MAX..BM_POWER,{IHEAR_START,IHEAR_END}),(POWER_LEVEL_P1,DNK..SWE,BM_CHILD,{IHEAR_START..PROD_INTRO,IHEAR_END}),(POWER_LEVEL_P1,DNK..SWE,BM_CUSTOM..BM_MAX,*),(POWER_LEVEL_P1,DNK..SWE,BM_POWER,{IHEAR_START,IHEAR_END}),(POWER_LEVEL_P2,USA..DEU,{BM_CHILD..BM_CUSTOM,BM_MAX},*),(POWER_LEVEL_P2,USA..DEU,{BM_INVISIBLE,BM_POWER},{IHEAR_START,IHEAR_END}),(POWER_LEVEL_P2,CAN,BM_CHILD..BM_MAX,*),(POWER_LEVEL_P2,CAN,BM_POWER,{IHEAR_START,IHEAR_END}),(POWER_LEVEL_P3,{USA..GBR,DEU},BM_CHILD,{IHEAR_START..PROD_INTRO,IHEAR_END}),(POWER_LEVEL_P3,{USA..GBR,DEU},BM_CUSTOM,*),(POWER_LEVEL_P3,{USA..GBR,DEU},BM_INVISIBLE..BM_POWER,{IHEAR_START,IHEAR_END}),(POWER_LEVEL_P3,DNK..SWE,BM_CHILD,{IHEAR_START..PROD_INTRO,IHEAR_END}),(POWER_LEVEL_P3,DNK..SWE,{BM_CUSTOM,BM_MAX},*),(POWER_LEVEL_P3,DNK..SWE,{BM_INVISIBLE,BM_POWER},{IHEAR_START,IHEAR_END}),(POWER_LEVEL_P3,CAN,BM_CHILD,{IHEAR_START..PROD_INTRO,IHEAR_END}),(POWER_LEVEL_P3,CAN,BM_CUSTOM..BM_INVISIBLE,*),(POWER_LEVEL_P3,CAN,BM_MAX..BM_POWER,{IHEAR_START,IHEAR_END}),(POWER_LEVEL_P4,{USA..GBR,DEU},BM_CHILD,{IHEAR_START..PROD_INTRO,IHEAR_END}),(POWER_LEVEL_P4,{USA..GBR,DEU},{BM_CUSTOM,BM_POWER},*),(POWER_LEVEL_P4,{USA..GBR,DEU},BM_INVISIBLE..BM_MAX,{IHEAR_START,IHEAR_END}),(POWER_LEVEL_P4,DNK..SWE,BM_CHILD,{IHEAR_START..PROD_INTRO,IHEAR_END}),(POWER_LEVEL_P4,DNK..SWE,{BM_CUSTOM,BM_MAX..BM_POWER},*),(POWER_LEVEL_P4,DNK..SWE,BM_INVISIBLE,{IHEAR_START,IHEAR_END}),(POWER_LEVEL_P4,CAN,BM_CHILD,{IHEAR_START..PROD_INTRO,IHEAR_END}),(POWER_LEVEL_P4,CAN,{BM_CUSTOM..BM_INVISIBLE,BM_POWER},*),(POWER_LEVEL_P4,CAN,BM_MAX,{IHEAR_START,IHEAR_END}))","operator":"independentPrioritized","variables":["POWER_LEVEL"],"effectivityExpr":"(EVENT >= \"PROD_INTRO\") and (EVENT < \"IHEAR_END\") and (EVENT >= \"PROD_INTRO\") and (EVENT < \"IHEAR_END\") and (EVENT >= \"PROD_INTRO\") and (EVENT < \"IHEAR_END\") and (EVENT >= \"PROD_INTRO\") and (EVENT < \"IHEAR_END\")"},{"id":"ScopedDefaultDataIdSOUND","description":"Feature Applicability defaults for ScopedDefaultDataIdSOUND","type":"defaultExpression","expr":"cpr((SOUND,MRKT,IHEAR_BM,EVENT),(SOUND_ADVANCED,*,BM_CHILD,{IHEAR_START..PROD_INTRO,IHEAR_END}),(SOUND_ADVANCED,*,BM_CUSTOM..BM_MAX,*),(SOUND_ADVANCED,*,BM_POWER,{IHEAR_START,IHEAR_END}),(SOUND_BASIC,{USA..GBR,DEU},{BM_CHILD,BM_POWER},*),(SOUND_BASIC,{USA..GBR,DEU},BM_CUSTOM..BM_MAX,{IHEAR_START,IHEAR_END}),(SOUND_BASIC,DNK..SWE,{BM_CHILD..BM_CUSTOM,BM_MAX..BM_POWER},*),(SOUND_BASIC,DNK..SWE,BM_INVISIBLE,{IHEAR_START,IHEAR_END}),(SOUND_BASIC,CAN,{BM_CHILD..BM_INVISIBLE,BM_POWER},*),(SOUND_BASIC,CAN,BM_MAX,{IHEAR_START,IHEAR_END}))","operator":"independentPrioritized","variables":["SOUND"],"effectivityExpr":"(EVENT >= \"PROD_INTRO\") and (EVENT < \"IHEAR_END\") and (EVENT >= \"PROD_INTRO\") and (EVENT < \"IHEAR_END\") and (EVENT >= \"PROD_INTRO\") and (EVENT < \"IHEAR_END\") and (EVENT >= \"PROD_INTRO\") and (EVENT < \"IHEAR_END\")"},{"id":"ScopedDefaultDataIdSPATIAL","description":"Feature Applicability defaults for ScopedDefaultDataIdSPATIAL","type":"defaultExpression","expr":"cpr((SPATIAL,MRKT,IHEAR_BM,EVENT),(SPAT_NONE,*,BM_CHILD..BM_MAX,*),(SPAT_NONE,*,BM_POWER,{IHEAR_START,IHEAR_END}),(SPAT_ADVANCED,{USA..GBR,DEU},BM_CHILD,{IHEAR_START..PROD_INTRO,IHEAR_END}),(SPAT_ADVANCED,{USA..GBR,DEU},BM_CUSTOM..BM_POWER,{IHEAR_START,IHEAR_END}),(SPAT_ADVANCED,DNK..SWE,BM_CHILD,{IHEAR_START..PROD_INTRO,IHEAR_END}),(SPAT_ADVANCED,DNK..SWE,{BM_CUSTOM,BM_MAX},*),(SPAT_ADVANCED,DNK..SWE,{BM_INVISIBLE,BM_POWER},{IHEAR_START,IHEAR_END}),(SPAT_ADVANCED,CAN,BM_CHILD,{IHEAR_START..PROD_INTRO,IHEAR_END}),(SPAT_ADVANCED,CAN,BM_CUSTOM..BM_INVISIBLE,*),(SPAT_ADVANCED,CAN,BM_MAX..BM_POWER,{IHEAR_START,IHEAR_END}),(SPAT_BASIC,{USA..GBR,DEU},BM_CHILD,{IHEAR_START..PROD_INTRO,IHEAR_END}),(SPAT_BASIC,{USA..GBR,DEU},BM_CUSTOM..BM_MAX,{IHEAR_START,IHEAR_END}),(SPAT_BASIC,{USA..GBR,DEU},BM_POWER,*),(SPAT_BASIC,DNK..SWE,BM_CHILD,{IHEAR_START..PROD_INTRO,IHEAR_END}),(SPAT_BASIC,DNK..SWE,{BM_CUSTOM,BM_MAX..BM_POWER},*),(SPAT_BASIC,DNK..SWE,BM_INVISIBLE,{IHEAR_START,IHEAR_END}),(SPAT_BASIC,CAN,BM_CHILD,{IHEAR_START..PROD_INTRO,IHEAR_END}),(SPAT_BASIC,CAN,{BM_CUSTOM..BM_INVISIBLE,BM_POWER},*),(SPAT_BASIC,CAN,BM_MAX,{IHEAR_START,IHEAR_END}))","operator":"independentPrioritized","variables":["SPATIAL"],"effectivityExpr":"(EVENT >= \"PROD_INTRO\") and (EVENT < \"IHEAR_END\") and (EVENT >= \"PROD_INTRO\") and (EVENT < \"IHEAR_END\") and (EVENT >= \"PROD_INTRO\") and (EVENT < \"IHEAR_END\") and (EVENT >= \"PROD_INTRO\") and (EVENT < \"IHEAR_END\")"},{"id":"ScopedDefaultDataIdSTYLE","description":"Feature Applicability defaults for ScopedDefaultDataIdSTYLE","type":"defaultExpression","expr":"cpr((STYLE,MRKT,IHEAR_BM,EVENT),(STYLE_BTE,USA..DEU,BM_CHILD,{IHEAR_START..PROD_INTRO,IHEAR_END}),(STYLE_BTE,USA..DEU,{BM_CUSTOM,BM_MAX..BM_POWER},*),(STYLE_BTE,USA..DEU,BM_INVISIBLE,{IHEAR_START,IHEAR_END}),(STYLE_BTE,CAN,BM_CHILD,{IHEAR_START..PROD_INTRO,IHEAR_END}),(STYLE_BTE,CAN,BM_CUSTOM..BM_POWER,*),(STYLE_RITE,{USA..GBR,DEU},BM_CHILD,*),(STYLE_RITE,{USA..GBR,DEU},BM_CUSTOM..BM_POWER,{IHEAR_START,IHEAR_END}),(STYLE_RITE,DNK..SWE,{BM_CHILD..BM_CUSTOM,BM_MAX},*),(STYLE_RITE,DNK..SWE,{BM_INVISIBLE,BM_POWER},{IHEAR_START,IHEAR_END}),(STYLE_RITE,CAN,BM_CHILD..BM_INVISIBLE,*),(STYLE_RITE,CAN,BM_MAX..BM_POWER,{IHEAR_START,IHEAR_END}),(STYLE_ITE,{USA..GBR,DEU},BM_CHILD,{IHEAR_START..PROD_INTRO,IHEAR_END}),(STYLE_ITE,{USA..GBR,DEU},{BM_CUSTOM,BM_MAX..BM_POWER},{IHEAR_START,IHEAR_END}),(STYLE_ITE,{USA..GBR,DEU},BM_INVISIBLE,*),(STYLE_ITE,DNK..SWE,BM_CHILD,{IHEAR_START..PROD_INTRO,IHEAR_END}),(STYLE_ITE,DNK..SWE,BM_CUSTOM..BM_MAX,*),(STYLE_ITE,DNK..SWE,BM_POWER,{IHEAR_START,IHEAR_END}),(STYLE_ITE,CAN,BM_CHILD,{IHEAR_START..PROD_INTRO,IHEAR_END}),(STYLE_ITE,CAN,BM_CUSTOM..BM_INVISIBLE,*),(STYLE_ITE,CAN,BM_MAX..BM_POWER,{IHEAR_START,IHEAR_END}))","operator":"independentPrioritized","variables":["STYLE"],"effectivityExpr":"(EVENT >= \"PROD_INTRO\") and (EVENT < \"IHEAR_END\") and (EVENT >= \"PROD_INTRO\") and (EVENT < \"IHEAR_END\") and (EVENT >= \"PROD_INTRO\") and (EVENT < \"IHEAR_END\") and (EVENT >= \"PROD_INTRO\") and (EVENT < \"IHEAR_END\")"},{"id":"AGEPriorities","type":"priorities","values":["\"AGE_CHILD\"","\"AGE_ADULT\""],"variables":["AGE"],"effectivityExpr":"(EVENT >= \"PROD_INTRO\") and (EVENT < \"IHEAR_END\")"},{"id":"APPriorities","type":"priorities","values":["\"AP_NO\"","\"AP_YES\""],"variables":["AP"],"effectivityExpr":"(EVENT >= \"PROD_INTRO\") and (EVENT < \"IHEAR_END\")"},{"id":"ATPriorities","type":"priorities","values":["\"AT_NO\"","\"AT_YES\""],"variables":["AT"],"effectivityExpr":"(EVENT >= \"PROD_INTRO\") and (EVENT < \"IHEAR_END\")"},{"id":"AUTOPHONEPriorities","type":"priorities","values":["\"AUTOPHONE_NO\"","\"AUTOPHONE_YES\""],"variables":["AUTOPHONE"],"effectivityExpr":"(EVENT >= \"PROD_INTRO\") and (EVENT < \"IHEAR_END\")"},{"id":"AUTOTELECOILPriorities","type":"priorities","values":["\"AUTOTELECOIL_NO\"","\"AUTOTELECOIL_YES\""],"variables":["AUTOTELECOIL"],"effectivityExpr":"(EVENT >= \"PROD_INTRO\") and (EVENT < \"IHEAR_END\")"},{"id":"BATTERY_DRAWERPriorities","type":"priorities","values":["\"BATT_HORIZONTAL\"","\"BATT_VERTICAL\""],"variables":["BATTERY_DRAWER"],"effectivityExpr":"(EVENT >= \"PROD_INTRO\") and (EVENT < \"IHEAR_END\")"},{"id":"BATTERY_DRAWER_TYPPriorities","type":"priorities","values":["\"BAT_DRAWER_NORMAL\"","\"BAT_DRAWER_TAMPER\""],"variables":["BATTERY_DRAWER_TYP"],"effectivityExpr":"(EVENT >= \"PROD_INTRO\") and (EVENT < \"IHEAR_END\")"},{"id":"BATTERY_SIZEPriorities","type":"priorities","values":["\"BATTERY_SIZE_10\"","\"BATTERY_SIZE_312\"","\"BATTERY_SIZE_13\""],"variables":["BATTERY_SIZE"],"effectivityExpr":"(EVENT >= \"PROD_INTRO\") and (EVENT < \"IHEAR_END\")"},{"id":"BINPriorities","type":"priorities","values":["\"BIN_NO\"","\"BIN_YES\""],"variables":["BIN"],"effectivityExpr":"(EVENT >= \"PROD_INTRO\") and (EVENT < \"IHEAR_END\")"},{"id":"BINAURALPriorities","type":"priorities","values":["\"BINAURAL_NO\"","\"BINAURAL_YES\""],"variables":["BINAURAL"],"effectivityExpr":"(EVENT >= \"PROD_INTRO\") and (EVENT < \"IHEAR_END\")"},{"id":"COLORPriorities","type":"priorities","values":["\"COLOR_BEIGE\"","\"COLOR_BROWN\"","\"COLOR_TRANSPARENT\"","\"COLOR_BLUE\"","\"COLOR_PINK\"","\"COLOR_BLACK\"","\"COLOR_WHITE\""],"variables":["COLOR"],"effectivityExpr":"(EVENT >= \"PROD_INTRO\") and (EVENT < \"IHEAR_END\")"},{"id":"CPUSPriorities","type":"priorities","values":["\"CPUS_1\"","\"CPUS_2\"","\"CPUS_4\"","\"CPUS_8\""],"variables":["CPUS"],"effectivityExpr":"(EVENT >= \"PROD_INTRO\") and (EVENT < \"IHEAR_END\")"},{"id":"DIRPriorities","type":"priorities","values":["\"DIR_NO\"","\"DIR_YES\""],"variables":["DIR"],"effectivityExpr":"(EVENT >= \"PROD_INTRO\") and (EVENT < \"IHEAR_END\")"},{"id":"DSPPriorities","type":"priorities","values":["\"DSP_ADSP\"","\"DSP_DSP\""],"variables":["DSP"],"effectivityExpr":"(EVENT >= \"PROD_INTRO\") and (EVENT < \"IHEAR_END\")"},{"id":"GENDERPriorities","type":"priorities","values":["\"GEND_MALE\"","\"GEND_FEMALE\""],"variables":["GENDER"],"effectivityExpr":"(EVENT >= \"PROD_INTRO\") and (EVENT < \"IHEAR_END\")"},{"id":"HEARING_LOSSPriorities","type":"priorities","values":["\"HEAR_MILD\"","\"HEAR_MODERATE\"","\"HEAR_SEVERE\""],"variables":["HEARING_LOSS"],"effectivityExpr":"(EVENT >= \"PROD_INTRO\") and (EVENT < \"IHEAR_END\")"},{"id":"MICROPHONESPriorities","type":"priorities","values":["\"MICR_DIRECTIONAL\"","\"MICR_DUAL\"","\"MICR_OMNIDIRECTIONAL\""],"variables":["MICROPHONES"],"effectivityExpr":"(EVENT >= \"PROD_INTRO\") and (EVENT < \"IHEAR_END\")"},{"id":"MUSPriorities","type":"priorities","values":["\"MUS_NO\"","\"MUS_YES\""],"variables":["MUS"],"effectivityExpr":"(EVENT >= \"PROD_INTRO\") and (EVENT < \"IHEAR_END\")"},{"id":"MUSICPriorities","type":"priorities","values":["\"MUSIC_NO\"","\"MUSIC_YES\""],"variables":["MUSIC"],"effectivityExpr":"(EVENT >= \"PROD_INTRO\") and (EVENT < \"IHEAR_END\")"},{"id":"POWER_LEVELPriorities","type":"priorities","values":["\"POWER_LEVEL_P1\"","\"POWER_LEVEL_P2\"","\"POWER_LEVEL_P3\"","\"POWER_LEVEL_P4\""],"variables":["POWER_LEVEL"],"effectivityExpr":"(EVENT >= \"PROD_INTRO\") and (EVENT < \"IHEAR_END\")"},{"id":"PRODUCT_LINEPriorities","type":"priorities","values":["\"CHILD\"","\"CUSTOM\"","\"INVISIBLE\"","\"MAX\"","\"POWER\""],"variables":["PRODUCT_LINE"],"effectivityExpr":"(EVENT >= \"PROD_INTRO\") and (EVENT < \"IHEAR_END\")"},{"id":"PUSH_BUTTONPriorities","type":"priorities","values":["\"PUSH_DOUBLE\"","\"PUSH_SINGLE\""],"variables":["PUSH_BUTTON"],"effectivityExpr":"(EVENT >= \"PROD_INTRO\") and (EVENT < \"IHEAR_END\")"},{"id":"RAMPriorities","type":"priorities","values":["\"RAM_8\"","\"RAM_32\"","\"RAM_64\"","\"RAM_128\""],"variables":["RAM"],"effectivityExpr":"(EVENT >= \"PROD_INTRO\") and (EVENT < \"IHEAR_END\")"},{"id":"SOUNDPriorities","type":"priorities","values":["\"SOUND_ADVANCED\"","\"SOUND_BASIC\""],"variables":["SOUND"],"effectivityExpr":"(EVENT >= \"PROD_INTRO\") and (EVENT < \"IHEAR_END\")"},{"id":"SPAPriorities","type":"priorities","values":["\"SPA_NO\"","\"SPA_YES\""],"variables":["SPA"],"effectivityExpr":"(EVENT >= \"PROD_INTRO\") and (EVENT < \"IHEAR_END\")"},{"id":"SPATIALPriorities","type":"priorities","values":["\"SPAT_NONE\"","\"SPAT_ADVANCED\"","\"SPAT_BASIC\""],"variables":["SPATIAL"],"effectivityExpr":"(EVENT >= \"PROD_INTRO\") and (EVENT < \"IHEAR_END\")"},{"id":"STYLEPriorities","type":"priorities","values":["\"STYLE_BTE\"","\"STYLE_RITE\"","\"STYLE_ITE\""],"variables":["STYLE"],"effectivityExpr":"(EVENT >= \"PROD_INTRO\") and (EVENT < \"IHEAR_END\")"},{"id":"SWITCHESPriorities","type":"priorities","values":["\"SWIT_NONE\"","\"SWITCHES_GMR\"","\"SWIT_REED\"","\"SWIT_GMR_AND_REED\""],"variables":["SWITCHES"],"effectivityExpr":"(EVENT >= \"PROD_INTRO\") and (EVENT < \"IHEAR_END\")"},{"id":"TELECOILPriorities","type":"priorities","values":["\"TELECOIL_NO\"","\"TELECOIL_YES\""],"variables":["TELECOIL"],"effectivityExpr":"(EVENT >= \"PROD_INTRO\") and (EVENT < \"IHEAR_END\")"},{"id":"VOLUME_WHEELPriorities","type":"priorities","values":["\"VOLU_NONE\"","\"VOLU_ANALOG\"","\"VOLU_DIGITAL\""],"variables":["VOLUME_WHEEL"],"effectivityExpr":"(EVENT >= \"PROD_INTRO\") and (EVENT < \"IHEAR_END\")"},{"id":"WIRELESS_COILPriorities","type":"priorities","values":["\"WIRELESS_COIL_NO\"","\"WIRELESS_COIL_YES\""],"variables":["WIRELESS_COIL"],"effectivityExpr":"(EVENT >= \"PROD_INTRO\") and (EVENT < \"IHEAR_END\")"}]}],"phases":[{"id":"Phase0","variables":["MRKT","IHEAR_BM","IHEAR_CLASS","DIM_BUILDDATE","EVENT","PROGRAMME"]}]}