{"version":1,"variables":[{"type":"d","name":"DIM_BUILDDATE","domain":["-62135596800000;946684799000","946684800000;1420070399000","1420070400000;1468195199000","1468195200000;1546300799000","1546300800000;253402214399000","253402214400000;253402300799000"]},{"type":"s","name":"EVENT","effectivity":true,"enumerated":true,"domain":["IHEAR_START","PROD_INTRO","INTRO_CHILD","INTRO_CUSTOM","IHEAR_END"]},{"type":"s","name":"PROGRAMME","enumerated":true,"domain":["NOPROGRAMME"]},{"type":"s","name":"IHEAR_BM","enumerated":true,"domain":["BM_CHILD","BM_CUSTOM","BM_INVISIBLE","BM_MAX","BM_POWER"]},{"type":"s","name":"MRKT","enumerated":true,"domain":["USA","GBR","DNK","SWE","DEU","CAN"]},{"type":"s","name":"IHEAR_CLASS","enumerated":true,"domain":["IHEAR_BASIC"]},{"type":"s","name":"PRODUCT_LINE","enumerated":true,"domain":["CHILD","CUSTOM","INVISIBLE","MAX","POWER"]},{"type":"s","name":"SPATIAL","enumerated":true,"domain":["SPAT_NONE","SPAT_ADVANCED","SPAT_BASIC"]},{"type":"s","name":"COLOR","enumerated":true,"domain":["COLOR_BEIGE","COLOR_BROWN","COLOR_TRANSPARENT","COLOR_BLUE","COLOR_PINK","COLOR_BLACK","COLOR_WHITE"]},{"type":"s","name":"DIR","enumerated":true,"domain":["DIR_NO","DIR_YES"]},{"type":"s","name":"SPA","enumerated":true,"domain":["SPA_NO","SPA_YES"]},{"type":"s","name":"CPUS","enumerated":true,"domain":["CPUS_1","CPUS_2","CPUS_4","CPUS_8"]},{"type":"s","name":"DSP","enumerated":true,"domain":["DSP_ADSP","DSP_DSP"]},{"type":"s","name":"MICROPHONES","enumerated":true,"domain":["MICR_DIRECTIONAL","MICR_DUAL","MICR_OMNIDIRECTIONAL"]},{"type":"s","name":"SOUND","enumerated":true,"domain":["SOUND_ADVANCED","SOUND_BASIC"]},{"type":"s","name":"BATTERY_DRAWER","enumerated":true,"domain":["BATT_HORIZONTAL","BATT_VERTICAL"]},{"type":"s","name":"BIN","enumerated":true,"domain":["BIN_NO","BIN_YES"]},{"type":"s","name":"STYLE","enumerated":true,"domain":["STYLE_BTE","STYLE_RITE","STYLE_ITE"]},{"type":"s","name":"BATTERY_SIZE","enumerated":true,"domain":["BATTERY_SIZE_10","BATTERY_SIZE_312","BATTERY_SIZE_13"]},{"type":"s","name":"SWITCHES","enumerated":true,"domain":["SWIT_NONE","SWITCHES_GMR","SWIT_REED","SWIT_GMR_AND_REED"]},{"type":"s","name":"AP","enumerated":true,"domain":["AP_NO","AP_YES"]},{"type":"s","name":"AT","enumerated":true,"domain":["AT_NO","AT_YES"]},{"type":"s","name":"AUTOPHONE","enumerated":true,"domain":["AUTOPHONE_NO","AUTOPHONE_YES"]},{"type":"s","name":"AUTOTELECOIL","enumerated":true,"domain":["AUTOTELECOIL_NO","AUTOTELECOIL_YES"]},{"type":"s","name":"WIRELESS_COIL","enumerated":true,"domain":["WIRELESS_COIL_NO","WIRELESS_COIL_YES"]},{"type":"s","name":"AGE","enumerated":true,"domain":["AGE_CHILD","AGE_ADULT"]},{"type":"s","name":"MUS","enumerated":true,"domain":["MUS_NO","MUS_YES"]},{"type":"s","name":"TELECOIL","enumerated":true,"domain":["TELECOIL_NO","TELECOIL_YES"]},{"type":"s","name":"MUSIC","enumerated":true,"domain":["MUSIC_NO","MUSIC_YES"]},{"type":"s","name":"PUSH_BUTTON","enumerated":true,"domain":["PUSH_DOUBLE","PUSH_SINGLE"]},{"type":"s","name":"POWER_LEVEL","enumerated":true,"domain":["POWER_LEVEL_P1","POWER_LEVEL_P2","POWER_LEVEL_P3","POWER_LEVEL_P4"]},{"type":"s","name":"HEARING_LOSS","enumerated":true,"domain":["HEAR_MILD","HEAR_MODERATE","HEAR_SEVERE"]},{"type":"s","name":"BINAURAL","enumerated":true,"domain":["BINAURAL_NO","BINAURAL_YES"]},{"type":"s","name":"RAM","enumerated":true,"domain":["RAM_8","RAM_32","RAM_64","RAM_128"]},{"type":"s","name":"VOLUME_WHEEL","enumerated":true,"domain":["VOLU_NONE","VOLU_ANALOG","VOLU_DIGITAL"]},{"type":"s","name":"GENDER","enumerated":true,"domain":["GEND_MALE","GEND_FEMALE"]},{"type":"s","name":"BATTERY_DRAWER_TYP","enumerated":true,"domain":["BAT_DRAWER_NORMAL","BAT_DRAWER_TAMPER"]},{"type":"s","name":"PROD","enumerated":true,"domain":["IHEAR"]},{"type":"s","name":"BRND","enumerated":true,"domain":["CHEAR_F"]}]}