{"version":1,"id":"X0","defaultStructure":"WEB","structures":[{"id":"WEB","description":"web","sections":[{"id":"WEB.Scope4","description":"Scope","variables":["MRKT","BMOD","MDLY","DERV","BLDP","DIM_BUILDDATE","EVENT","PROGRAMME"]},{"id":"WEB.TRANSMISSION_DD","description":"Transmission & driving dynamics","sections":[{"id":"WEB.TRANSMISSION_DD.TECHNICAL","description":"technical","variables":["DRFRQ","DRV","EMLEV","BODY"]}],"variables":["ENG","TRAN","SPRT"]},{"id":"WEB.EXTERIOR","description":"Exterior","sections":[{"id":"WEB.EXTERIOR.MIRROR_1_WEB","description":"Mirrors 1","sections":[{"id":"WEB.EXTERIOR.MIRROR_1_WEB.MIRRORS","description":"Mirrors","variables":["MIRROR_1.MIRROR_TYPE","MIRROR_1.MEM_MIR","MIRROR_1.FOLD","MIRROR_1.HEAT_MIR","MIRROR_1.BLINKER","MIRROR_1.BLINDSPOT"]}]}],"variables":["PCOL","HLAMP","WHL","WHEEL_ACC","VPCK","BODY"]},{"id":"WEB.INTERIOR","description":"Interior","sections":[{"id":"WEB.INTERIOR.INFOTAINMENT","description":"Infotainment","variables":["AUD","TVREC"]},{"id":"WEB.INTERIOR.DR_SEAT_WEB","description":"Driver Seat","sections":[{"id":"WEB.INTERIOR.DR_SEAT_WEB.PRIMARY","description":"Primary","sections":[{"id":"WEB.INTERIOR.DR_SEAT_WEB.PRIMARY.INTERNAL","description":"Internal","variables":["DR_SEAT.C_UNDERSEAT"]},{"id":"WEB.INTERIOR.DR_SEAT_WEB.PRIMARY.FABRICS_1_WEB","description":"web","sections":[{"id":"WEB.INTERIOR.DR_SEAT_WEB.PRIMARY.FABRICS_1_WEB.MAIN","description":"main","variables":["DR_SEAT.FABRICS_1.STITCH","DR_SEAT.FABRICS_1.PRI","DR_SEAT.FABRICS_1.SEC"]}]}],"variables":["DR_SEAT.MATRL","DR_SEAT.STY","DR_SEAT.ADJ_T"]}]}],"variables":["INTRIM","HSW","HSEAT","DASH_INSERTS","CCP"]},{"id":"WEB.CONVENIENCE","description":"Convenience","variables":["PARK","RCAM","PRKA","WSCH"]}]}]}