﻿<?xml version="1.0" encoding="utf-8"?>
<ConfigitAceImportManifest xmlns:v1="http://schemas.configit.com/ace/import/v1" SchemaVersion="6.0" xmlns="http://schemas.configit.com/ace/import">
  <ImportDetails>
    <v1:ImportId>Ace Export</v1:ImportId>
    <v1:Description>Exported on 2021-01-21 by 'Kasper Pedersen (Microsoft\kasper@configit.com)'</v1:Description>
    <v1:Source>Ace</v1:Source>
    <v1:AdditionalInformation>
      <v1:Add Key="Branch" Value="Master" />
      <v1:Add Key="Revision" Value="396" />
      <v1:Add Key="ExportDate" Value="2021-01-21T12:29:00.7850437Z" />
      <v1:Add Key="ExportBy" Value="Kasper Pedersen (Microsoft\kasper@configit.com)" />
    </v1:AdditionalInformation>
  </ImportDetails>
  <DataValidationOptions>
    <v1:ModelYearMapping Validation="Ignore" />
    <v1:Rule Validation="Ignore" AllowAceRules="true" />
    <v1:Default Validation="Ignore" AllowAceDefaults="true" />
    <v1:AllowAnyLifecycle />
  </DataValidationOptions>
  <PostImportValidationOptions>
    <v1:CompileProductModels OnCompileFailure="Ignore" />
    <v1:CreateWorkItem OnFailure="None" OnSuccess="None" />
  </PostImportValidationOptions>
  <Files>
    <File Include="ProductModel_X0.xml" />
    <File Include="ProductModel_IHEAR.xml" />
    <File Include="ProductModel_8QUEEN.xml" />
  </Files>
</ConfigitAceImportManifest>