﻿<?xml version="1.0" encoding="utf-8"?>
<ConfigitAceImportPartialFile xmlns="http://schemas.configit.com/ace/import">
  <ProductModels xmlns:v1="http://schemas.configit.com/ace/import/v1" xmlns:library="http://schemas.configit.com/ace/import/v1/library" xmlns:productmodel="http://schemas.configit.com/ace/import/v1/productmodel">
    <productmodel:ProductModel Code="8QUEEN">
      <productmodel:Basics Description="8-Queen model" Brand="CCOMPUTERS" Feature="8QUEEN" FeatureFamily="PROD" UseArithmeticRules="true" UseBrochureModels="false" UseAdvancedEffectivity="false" CanBeUsedAsSubmodel="false" />
      <productmodel:Events />
      <productmodel:Associations>
        <productmodel:FeatureFamilyAssociations>
          <productmodel:Family Code="COL_A">
            <productmodel:Features>
              <productmodel:Feature Code="A1">
                <productmodel:Effectivities>
                  <productmodel:Effectivity StartEvent="8QUEEN_START" EndEvent="8QUEEN_END" />
                </productmodel:Effectivities>
              </productmodel:Feature>
              <productmodel:Feature Code="A2">
                <productmodel:Effectivities>
                  <productmodel:Effectivity StartEvent="8QUEEN_START" EndEvent="8QUEEN_END" />
                </productmodel:Effectivities>
              </productmodel:Feature>
              <productmodel:Feature Code="A3">
                <productmodel:Effectivities>
                  <productmodel:Effectivity StartEvent="8QUEEN_START" EndEvent="8QUEEN_END" />
                </productmodel:Effectivities>
              </productmodel:Feature>
              <productmodel:Feature Code="A4">
                <productmodel:Effectivities>
                  <productmodel:Effectivity StartEvent="8QUEEN_START" EndEvent="8QUEEN_END" />
                </productmodel:Effectivities>
              </productmodel:Feature>
              <productmodel:Feature Code="A5">
                <productmodel:Effectivities>
                  <productmodel:Effectivity StartEvent="8QUEEN_START" EndEvent="8QUEEN_END" />
                </productmodel:Effectivities>
              </productmodel:Feature>
              <productmodel:Feature Code="A6">
                <productmodel:Effectivities>
                  <productmodel:Effectivity StartEvent="8QUEEN_START" EndEvent="8QUEEN_END" />
                </productmodel:Effectivities>
              </productmodel:Feature>
              <productmodel:Feature Code="A7">
                <productmodel:Effectivities>
                  <productmodel:Effectivity StartEvent="8QUEEN_START" EndEvent="8QUEEN_END" />
                </productmodel:Effectivities>
              </productmodel:Feature>
              <productmodel:Feature Code="A8">
                <productmodel:Effectivities>
                  <productmodel:Effectivity StartEvent="8QUEEN_START" EndEvent="8QUEEN_END" />
                </productmodel:Effectivities>
              </productmodel:Feature>
            </productmodel:Features>
          </productmodel:Family>
          <productmodel:Family Code="COL_B">
            <productmodel:Features>
              <productmodel:Feature Code="B1">
                <productmodel:Effectivities>
                  <productmodel:Effectivity StartEvent="8QUEEN_START" EndEvent="8QUEEN_END" />
                </productmodel:Effectivities>
              </productmodel:Feature>
              <productmodel:Feature Code="B2">
                <productmodel:Effectivities>
                  <productmodel:Effectivity StartEvent="8QUEEN_START" EndEvent="8QUEEN_END" />
                </productmodel:Effectivities>
              </productmodel:Feature>
              <productmodel:Feature Code="B3">
                <productmodel:Effectivities>
                  <productmodel:Effectivity StartEvent="8QUEEN_START" EndEvent="8QUEEN_END" />
                </productmodel:Effectivities>
              </productmodel:Feature>
              <productmodel:Feature Code="B4">
                <productmodel:Effectivities>
                  <productmodel:Effectivity StartEvent="8QUEEN_START" EndEvent="8QUEEN_END" />
                </productmodel:Effectivities>
              </productmodel:Feature>
              <productmodel:Feature Code="B5">
                <productmodel:Effectivities>
                  <productmodel:Effectivity StartEvent="8QUEEN_START" EndEvent="8QUEEN_END" />
                </productmodel:Effectivities>
              </productmodel:Feature>
              <productmodel:Feature Code="B6">
                <productmodel:Effectivities>
                  <productmodel:Effectivity StartEvent="8QUEEN_START" EndEvent="8QUEEN_END" />
                </productmodel:Effectivities>
              </productmodel:Feature>
              <productmodel:Feature Code="B7">
                <productmodel:Effectivities>
                  <productmodel:Effectivity StartEvent="8QUEEN_START" EndEvent="8QUEEN_END" />
                </productmodel:Effectivities>
              </productmodel:Feature>
              <productmodel:Feature Code="B8">
                <productmodel:Effectivities>
                  <productmodel:Effectivity StartEvent="8QUEEN_START" EndEvent="8QUEEN_END" />
                </productmodel:Effectivities>
              </productmodel:Feature>
            </productmodel:Features>
          </productmodel:Family>
          <productmodel:Family Code="COL_C">
            <productmodel:Features>
              <productmodel:Feature Code="C1">
                <productmodel:Effectivities>
                  <productmodel:Effectivity StartEvent="8QUEEN_START" EndEvent="8QUEEN_END" />
                </productmodel:Effectivities>
              </productmodel:Feature>
              <productmodel:Feature Code="C2">
                <productmodel:Effectivities>
                  <productmodel:Effectivity StartEvent="8QUEEN_START" EndEvent="8QUEEN_END" />
                </productmodel:Effectivities>
              </productmodel:Feature>
              <productmodel:Feature Code="C3">
                <productmodel:Effectivities>
                  <productmodel:Effectivity StartEvent="8QUEEN_START" EndEvent="8QUEEN_END" />
                </productmodel:Effectivities>
              </productmodel:Feature>
              <productmodel:Feature Code="C4">
                <productmodel:Effectivities>
                  <productmodel:Effectivity StartEvent="8QUEEN_START" EndEvent="8QUEEN_END" />
                </productmodel:Effectivities>
              </productmodel:Feature>
              <productmodel:Feature Code="C5">
                <productmodel:Effectivities>
                  <productmodel:Effectivity StartEvent="8QUEEN_START" EndEvent="8QUEEN_END" />
                </productmodel:Effectivities>
              </productmodel:Feature>
              <productmodel:Feature Code="C6">
                <productmodel:Effectivities>
                  <productmodel:Effectivity StartEvent="8QUEEN_START" EndEvent="8QUEEN_END" />
                </productmodel:Effectivities>
              </productmodel:Feature>
              <productmodel:Feature Code="C7">
                <productmodel:Effectivities>
                  <productmodel:Effectivity StartEvent="8QUEEN_START" EndEvent="8QUEEN_END" />
                </productmodel:Effectivities>
              </productmodel:Feature>
              <productmodel:Feature Code="C8">
                <productmodel:Effectivities>
                  <productmodel:Effectivity StartEvent="8QUEEN_START" EndEvent="8QUEEN_END" />
                </productmodel:Effectivities>
              </productmodel:Feature>
            </productmodel:Features>
          </productmodel:Family>
          <productmodel:Family Code="COL_D">
            <productmodel:Features>
              <productmodel:Feature Code="D1">
                <productmodel:Effectivities>
                  <productmodel:Effectivity StartEvent="8QUEEN_START" EndEvent="8QUEEN_END" />
                </productmodel:Effectivities>
              </productmodel:Feature>
              <productmodel:Feature Code="D2">
                <productmodel:Effectivities>
                  <productmodel:Effectivity StartEvent="8QUEEN_START" EndEvent="8QUEEN_END" />
                </productmodel:Effectivities>
              </productmodel:Feature>
              <productmodel:Feature Code="D3">
                <productmodel:Effectivities>
                  <productmodel:Effectivity StartEvent="8QUEEN_START" EndEvent="8QUEEN_END" />
                </productmodel:Effectivities>
              </productmodel:Feature>
              <productmodel:Feature Code="D4">
                <productmodel:Effectivities>
                  <productmodel:Effectivity StartEvent="8QUEEN_START" EndEvent="8QUEEN_END" />
                </productmodel:Effectivities>
              </productmodel:Feature>
              <productmodel:Feature Code="D5">
                <productmodel:Effectivities>
                  <productmodel:Effectivity StartEvent="8QUEEN_START" EndEvent="8QUEEN_END" />
                </productmodel:Effectivities>
              </productmodel:Feature>
              <productmodel:Feature Code="D6">
                <productmodel:Effectivities>
                  <productmodel:Effectivity StartEvent="8QUEEN_START" EndEvent="8QUEEN_END" />
                </productmodel:Effectivities>
              </productmodel:Feature>
              <productmodel:Feature Code="D7">
                <productmodel:Effectivities>
                  <productmodel:Effectivity StartEvent="8QUEEN_START" EndEvent="8QUEEN_END" />
                </productmodel:Effectivities>
              </productmodel:Feature>
              <productmodel:Feature Code="D8">
                <productmodel:Effectivities>
                  <productmodel:Effectivity StartEvent="8QUEEN_START" EndEvent="8QUEEN_END" />
                </productmodel:Effectivities>
              </productmodel:Feature>
            </productmodel:Features>
          </productmodel:Family>
          <productmodel:Family Code="COL_E">
            <productmodel:Features>
              <productmodel:Feature Code="E1">
                <productmodel:Effectivities>
                  <productmodel:Effectivity StartEvent="8QUEEN_START" EndEvent="8QUEEN_END" />
                </productmodel:Effectivities>
              </productmodel:Feature>
              <productmodel:Feature Code="E2">
                <productmodel:Effectivities>
                  <productmodel:Effectivity StartEvent="8QUEEN_START" EndEvent="8QUEEN_END" />
                </productmodel:Effectivities>
              </productmodel:Feature>
              <productmodel:Feature Code="E3">
                <productmodel:Effectivities>
                  <productmodel:Effectivity StartEvent="8QUEEN_START" EndEvent="8QUEEN_END" />
                </productmodel:Effectivities>
              </productmodel:Feature>
              <productmodel:Feature Code="E4">
                <productmodel:Effectivities>
                  <productmodel:Effectivity StartEvent="8QUEEN_START" EndEvent="8QUEEN_END" />
                </productmodel:Effectivities>
              </productmodel:Feature>
              <productmodel:Feature Code="E5">
                <productmodel:Effectivities>
                  <productmodel:Effectivity StartEvent="8QUEEN_START" EndEvent="8QUEEN_END" />
                </productmodel:Effectivities>
              </productmodel:Feature>
              <productmodel:Feature Code="E6">
                <productmodel:Effectivities>
                  <productmodel:Effectivity StartEvent="8QUEEN_START" EndEvent="8QUEEN_END" />
                </productmodel:Effectivities>
              </productmodel:Feature>
              <productmodel:Feature Code="E7">
                <productmodel:Effectivities>
                  <productmodel:Effectivity StartEvent="8QUEEN_START" EndEvent="8QUEEN_END" />
                </productmodel:Effectivities>
              </productmodel:Feature>
              <productmodel:Feature Code="E8">
                <productmodel:Effectivities>
                  <productmodel:Effectivity StartEvent="8QUEEN_START" EndEvent="8QUEEN_END" />
                </productmodel:Effectivities>
              </productmodel:Feature>
            </productmodel:Features>
          </productmodel:Family>
          <productmodel:Family Code="COL_F">
            <productmodel:Features>
              <productmodel:Feature Code="F1">
                <productmodel:Effectivities>
                  <productmodel:Effectivity StartEvent="8QUEEN_START" EndEvent="8QUEEN_END" />
                </productmodel:Effectivities>
              </productmodel:Feature>
              <productmodel:Feature Code="F2">
                <productmodel:Effectivities>
                  <productmodel:Effectivity StartEvent="8QUEEN_START" EndEvent="8QUEEN_END" />
                </productmodel:Effectivities>
              </productmodel:Feature>
              <productmodel:Feature Code="F3">
                <productmodel:Effectivities>
                  <productmodel:Effectivity StartEvent="8QUEEN_START" EndEvent="8QUEEN_END" />
                </productmodel:Effectivities>
              </productmodel:Feature>
              <productmodel:Feature Code="F4">
                <productmodel:Effectivities>
                  <productmodel:Effectivity StartEvent="8QUEEN_START" EndEvent="8QUEEN_END" />
                </productmodel:Effectivities>
              </productmodel:Feature>
              <productmodel:Feature Code="F5">
                <productmodel:Effectivities>
                  <productmodel:Effectivity StartEvent="8QUEEN_START" EndEvent="8QUEEN_END" />
                </productmodel:Effectivities>
              </productmodel:Feature>
              <productmodel:Feature Code="F6">
                <productmodel:Effectivities>
                  <productmodel:Effectivity StartEvent="8QUEEN_START" EndEvent="8QUEEN_END" />
                </productmodel:Effectivities>
              </productmodel:Feature>
              <productmodel:Feature Code="F7">
                <productmodel:Effectivities>
                  <productmodel:Effectivity StartEvent="8QUEEN_START" EndEvent="8QUEEN_END" />
                </productmodel:Effectivities>
              </productmodel:Feature>
              <productmodel:Feature Code="F8">
                <productmodel:Effectivities>
                  <productmodel:Effectivity StartEvent="8QUEEN_START" EndEvent="8QUEEN_END" />
                </productmodel:Effectivities>
              </productmodel:Feature>
            </productmodel:Features>
          </productmodel:Family>
          <productmodel:Family Code="COL_G">
            <productmodel:Features>
              <productmodel:Feature Code="G1">
                <productmodel:Effectivities>
                  <productmodel:Effectivity StartEvent="8QUEEN_START" EndEvent="8QUEEN_END" />
                </productmodel:Effectivities>
              </productmodel:Feature>
              <productmodel:Feature Code="G2">
                <productmodel:Effectivities>
                  <productmodel:Effectivity StartEvent="8QUEEN_START" EndEvent="8QUEEN_END" />
                </productmodel:Effectivities>
              </productmodel:Feature>
              <productmodel:Feature Code="G3">
                <productmodel:Effectivities>
                  <productmodel:Effectivity StartEvent="8QUEEN_START" EndEvent="8QUEEN_END" />
                </productmodel:Effectivities>
              </productmodel:Feature>
              <productmodel:Feature Code="G4">
                <productmodel:Effectivities>
                  <productmodel:Effectivity StartEvent="8QUEEN_START" EndEvent="8QUEEN_END" />
                </productmodel:Effectivities>
              </productmodel:Feature>
              <productmodel:Feature Code="G5">
                <productmodel:Effectivities>
                  <productmodel:Effectivity StartEvent="8QUEEN_START" EndEvent="8QUEEN_END" />
                </productmodel:Effectivities>
              </productmodel:Feature>
              <productmodel:Feature Code="G6">
                <productmodel:Effectivities>
                  <productmodel:Effectivity StartEvent="8QUEEN_START" EndEvent="8QUEEN_END" />
                </productmodel:Effectivities>
              </productmodel:Feature>
              <productmodel:Feature Code="G7">
                <productmodel:Effectivities>
                  <productmodel:Effectivity StartEvent="8QUEEN_START" EndEvent="8QUEEN_END" />
                </productmodel:Effectivities>
              </productmodel:Feature>
              <productmodel:Feature Code="G8">
                <productmodel:Effectivities>
                  <productmodel:Effectivity StartEvent="8QUEEN_START" EndEvent="8QUEEN_END" />
                </productmodel:Effectivities>
              </productmodel:Feature>
            </productmodel:Features>
          </productmodel:Family>
          <productmodel:Family Code="COL_H">
            <productmodel:Features>
              <productmodel:Feature Code="H1">
                <productmodel:Effectivities>
                  <productmodel:Effectivity StartEvent="8QUEEN_START" EndEvent="8QUEEN_END" />
                </productmodel:Effectivities>
              </productmodel:Feature>
              <productmodel:Feature Code="H2">
                <productmodel:Effectivities>
                  <productmodel:Effectivity StartEvent="8QUEEN_START" EndEvent="8QUEEN_END" />
                </productmodel:Effectivities>
              </productmodel:Feature>
              <productmodel:Feature Code="H3">
                <productmodel:Effectivities>
                  <productmodel:Effectivity StartEvent="8QUEEN_START" EndEvent="8QUEEN_END" />
                </productmodel:Effectivities>
              </productmodel:Feature>
              <productmodel:Feature Code="H4">
                <productmodel:Effectivities>
                  <productmodel:Effectivity StartEvent="8QUEEN_START" EndEvent="8QUEEN_END" />
                </productmodel:Effectivities>
              </productmodel:Feature>
              <productmodel:Feature Code="H5">
                <productmodel:Effectivities>
                  <productmodel:Effectivity StartEvent="8QUEEN_START" EndEvent="8QUEEN_END" />
                </productmodel:Effectivities>
              </productmodel:Feature>
              <productmodel:Feature Code="H6">
                <productmodel:Effectivities>
                  <productmodel:Effectivity StartEvent="8QUEEN_START" EndEvent="8QUEEN_END" />
                </productmodel:Effectivities>
              </productmodel:Feature>
              <productmodel:Feature Code="H7">
                <productmodel:Effectivities>
                  <productmodel:Effectivity StartEvent="8QUEEN_START" EndEvent="8QUEEN_END" />
                </productmodel:Effectivities>
              </productmodel:Feature>
              <productmodel:Feature Code="H8">
                <productmodel:Effectivities>
                  <productmodel:Effectivity StartEvent="8QUEEN_START" EndEvent="8QUEEN_END" />
                </productmodel:Effectivities>
              </productmodel:Feature>
            </productmodel:Features>
          </productmodel:Family>
        </productmodel:FeatureFamilyAssociations>
        <productmodel:StringAssociations />
        <productmodel:NumericAssociations />
        <productmodel:PropertyAssociations />
        <productmodel:SubmodelAssociations />
      </productmodel:Associations>
      <productmodel:Views />
      <productmodel:Rules>
        <productmodel:TextRules>
          <productmodel:TextRule Code="1" Description="c[i] &lt;&gt; c[j]" Intent="Engineering" StartEvent="8QUEEN_START" EndEvent="8QUEEN_END" IsEnabled="true" IsLocked="false">
            <productmodel:MetadataValues />
            <productmodel:Body>COL_A != COL_B and COL_A != COL_C and COL_A != COL_D and COL_A != COL_E and COL_A != COL_F and COL_A != COL_G and COL_A != COL_H and
COL_B != COL_C and COL_B != COL_D and COL_B != COL_E and COL_B != COL_F and COL_B != COL_G and COL_B != COL_H and
COL_C != COL_D and COL_C != COL_E and COL_C != COL_F and COL_C != COL_G and COL_C != COL_H and
COL_D != COL_E and COL_D != COL_F and COL_D != COL_G and COL_D != COL_H and
COL_E != COL_F and COL_E != COL_G and COL_E != COL_H and
COL_F != COL_G and COL_F != COL_H and
COL_G != COL_H </productmodel:Body>
          </productmodel:TextRule>
          <productmodel:TextRule Code="2" Description="NW-SE" Intent="Engineering" StartEvent="8QUEEN_START" EndEvent="8QUEEN_END" IsEnabled="true" IsLocked="false">
            <productmodel:MetadataValues />
            <productmodel:Body>/*
for all i &lt; j:
  i+c[i] &lt;&gt; j+c[j]  // NW-SE
*/

0+COL_A != 1+COL_B and 0+COL_A != 2+COL_C and 0+COL_A != 3+COL_D and 0+COL_A != 4+COL_E and 0+COL_A != 5+COL_F and 0+COL_A != 6+COL_G and 0+COL_A != 7+COL_H and
1+COL_B != 2+COL_C and 1+COL_B != 3+COL_D and 1+COL_B != 4+COL_E and 1+COL_B != 5+COL_F and 1+COL_B != 6+COL_G and 1+COL_B != 7+COL_H and
2+COL_C != 3+COL_D and 2+COL_C != 4+COL_E and 2+COL_C != 5+COL_F and 2+COL_C != 6+COL_G and 2+COL_C != 7+COL_H and
3+COL_D != 4+COL_E and 3+COL_D != 5+COL_F and 3+COL_D != 6+COL_G and 3+COL_D != 7+COL_H and
4+COL_E != 5+COL_F and 4+COL_E != 6+COL_G and 4+COL_E != 7+COL_H and
5+COL_F != 6+COL_G and 5+COL_F != 7+COL_H and
6+COL_G != 7+COL_H</productmodel:Body>
          </productmodel:TextRule>
          <productmodel:TextRule Code="3" Description="SW-NE" Intent="Engineering" StartEvent="8QUEEN_START" EndEvent="8QUEEN_END" IsEnabled="true" IsLocked="false">
            <productmodel:MetadataValues />
            <productmodel:Body>/*
for all i &lt; j:
  i-c[i] &lt;&gt; j-c[j]   // SW-NE
*/

0-COL_A != 1-COL_B and 0-COL_A != 2-COL_C and 0-COL_A != 3-COL_D and 0-COL_A != 4-COL_E and 0-COL_A != 5-COL_F and 0-COL_A != 6-COL_G and 0-COL_A != 7-COL_H and
1-COL_B != 2-COL_C and 1-COL_B != 3-COL_D and 1-COL_B != 4-COL_E and 1-COL_B != 5-COL_F and 1-COL_B != 6-COL_G and 1-COL_B != 7-COL_H and
2-COL_C != 3-COL_D and 2-COL_C != 4-COL_E and 2-COL_C != 5-COL_F and 2-COL_C != 6-COL_G and 2-COL_C != 7-COL_H and
3-COL_D != 4-COL_E and 3-COL_D != 5-COL_F and 3-COL_D != 6-COL_G and 3-COL_D != 7-COL_H and
4-COL_E != 5-COL_F and 4-COL_E != 6-COL_G and 4-COL_E != 7-COL_H and
5-COL_F != 6-COL_G and 5-COL_F != 7-COL_H and
6-COL_G != 7-COL_H</productmodel:Body>
          </productmodel:TextRule>
        </productmodel:TextRules>
        <productmodel:TableRules />
        <productmodel:PackRules />
        <productmodel:CprRules />
      </productmodel:Rules>
      <productmodel:SellableUnits>
        <productmodel:DefiningFeatureFamilies />
      </productmodel:SellableUnits>
      <productmodel:Defaults />
      <productmodel:FamilyPriorities>
        <productmodel:HighPriority />
        <productmodel:LowPriority />
      </productmodel:FamilyPriorities>
      <productmodel:FeaturePriorities>
        <productmodel:Family Code="COL_A">
          <productmodel:Features>
            <productmodel:Feature Code="A1" />
            <productmodel:Feature Code="A2" />
            <productmodel:Feature Code="A3" />
            <productmodel:Feature Code="A4" />
            <productmodel:Feature Code="A5" />
            <productmodel:Feature Code="A6" />
            <productmodel:Feature Code="A7" />
            <productmodel:Feature Code="A8" />
          </productmodel:Features>
        </productmodel:Family>
        <productmodel:Family Code="COL_B">
          <productmodel:Features>
            <productmodel:Feature Code="B1" />
            <productmodel:Feature Code="B2" />
            <productmodel:Feature Code="B3" />
            <productmodel:Feature Code="B4" />
            <productmodel:Feature Code="B5" />
            <productmodel:Feature Code="B6" />
            <productmodel:Feature Code="B7" />
            <productmodel:Feature Code="B8" />
          </productmodel:Features>
        </productmodel:Family>
        <productmodel:Family Code="COL_C">
          <productmodel:Features>
            <productmodel:Feature Code="C1" />
            <productmodel:Feature Code="C2" />
            <productmodel:Feature Code="C3" />
            <productmodel:Feature Code="C4" />
            <productmodel:Feature Code="C5" />
            <productmodel:Feature Code="C6" />
            <productmodel:Feature Code="C7" />
            <productmodel:Feature Code="C8" />
          </productmodel:Features>
        </productmodel:Family>
        <productmodel:Family Code="COL_D">
          <productmodel:Features>
            <productmodel:Feature Code="D1" />
            <productmodel:Feature Code="D2" />
            <productmodel:Feature Code="D3" />
            <productmodel:Feature Code="D4" />
            <productmodel:Feature Code="D5" />
            <productmodel:Feature Code="D6" />
            <productmodel:Feature Code="D7" />
            <productmodel:Feature Code="D8" />
          </productmodel:Features>
        </productmodel:Family>
        <productmodel:Family Code="COL_E">
          <productmodel:Features>
            <productmodel:Feature Code="E1" />
            <productmodel:Feature Code="E2" />
            <productmodel:Feature Code="E3" />
            <productmodel:Feature Code="E4" />
            <productmodel:Feature Code="E5" />
            <productmodel:Feature Code="E6" />
            <productmodel:Feature Code="E7" />
            <productmodel:Feature Code="E8" />
          </productmodel:Features>
        </productmodel:Family>
        <productmodel:Family Code="COL_F">
          <productmodel:Features>
            <productmodel:Feature Code="F1" />
            <productmodel:Feature Code="F2" />
            <productmodel:Feature Code="F3" />
            <productmodel:Feature Code="F4" />
            <productmodel:Feature Code="F5" />
            <productmodel:Feature Code="F6" />
            <productmodel:Feature Code="F7" />
            <productmodel:Feature Code="F8" />
          </productmodel:Features>
        </productmodel:Family>
        <productmodel:Family Code="COL_G">
          <productmodel:Features>
            <productmodel:Feature Code="G1" />
            <productmodel:Feature Code="G2" />
            <productmodel:Feature Code="G3" />
            <productmodel:Feature Code="G4" />
            <productmodel:Feature Code="G5" />
            <productmodel:Feature Code="G6" />
            <productmodel:Feature Code="G7" />
            <productmodel:Feature Code="G8" />
          </productmodel:Features>
        </productmodel:Family>
        <productmodel:Family Code="COL_H">
          <productmodel:Features>
            <productmodel:Feature Code="H1" />
            <productmodel:Feature Code="H2" />
            <productmodel:Feature Code="H3" />
            <productmodel:Feature Code="H4" />
            <productmodel:Feature Code="H5" />
            <productmodel:Feature Code="H6" />
            <productmodel:Feature Code="H7" />
            <productmodel:Feature Code="H8" />
          </productmodel:Features>
        </productmodel:Family>
      </productmodel:FeaturePriorities>
      <productmodel:DefaultPriorities />
      <productmodel:PropertyValues>
        <productmodel:Families />
        <productmodel:Features />
      </productmodel:PropertyValues>
      <productmodel:ProductModelMetadata>
        <productmodel:MetadataValues />
      </productmodel:ProductModelMetadata>
      <productmodel:DefaultConfiguratorView Type="View" Code="" />
      <productmodel:Replacements>
        <productmodel:ReplacedFeatureFamilies />
        <productmodel:ReplacedVariables />
      </productmodel:Replacements>
    </productmodel:ProductModel>
  </ProductModels>
</ConfigitAceImportPartialFile>