{"version":3,"id":"X0Defaults","evalMethod":"stable","requests":[{"id":"ScopedDefaultDataIdWHL","vars":[18],"effectivity":{"type":"i","values":["1;11"]},"type":"expr","ilIdx":0,"operator":"independentPrioritized"},{"id":"ScopedDefaultDataIdAUD","vars":[38],"effectivity":{"type":"i","values":["1;11"]},"type":"expr","ilIdx":1,"operator":"independentPrioritized"},{"id":"ScopedDefaultDataIdCCP","vars":[13],"effectivity":{"type":"i","values":["1;11"]},"type":"expr","ilIdx":2,"operator":"independentPrioritized"},{"id":"ScopedDefaultDataIdHLAMP","vars":[35],"effectivity":{"type":"i","values":["1;11"]},"type":"expr","ilIdx":3,"operator":"independentPrioritized"},{"id":"ScopedDefaultDataIdHSW","vars":[15],"effectivity":{"type":"i","values":["1;11"]},"type":"expr","ilIdx":4,"operator":"independentPrioritized"},{"id":"ScopedDefaultDataIdINTRIM","vars":[17],"effectivity":{"type":"i","values":["1;11"]},"type":"expr","ilIdx":5,"operator":"independentPrioritized"},{"id":"ScopedDefaultDataIdPRKA","vars":[36],"effectivity":{"type":"i","values":["1;11"]},"type":"expr","ilIdx":6,"operator":"independentPrioritized"},{"id":"ScopedDefaultDataIdRCAM","vars":[11],"effectivity":{"type":"i","values":["1;11"]},"type":"expr","ilIdx":7,"operator":"independentPrioritized"},{"id":"ScopedDefaultDataIdSPRT","vars":[19],"effectivity":{"type":"i","values":["1;11"]},"type":"expr","ilIdx":8,"operator":"independentPrioritized"},{"id":"ScopedDefaultDataIdTRAN","vars":[40],"effectivity":{"type":"i","values":["1;11"]},"type":"expr","ilIdx":9,"operator":"independentPrioritized"},{"id":"ScopedDefaultDataIdTVREC","vars":[27],"effectivity":{"type":"i","values":["1;11"]},"type":"expr","ilIdx":10,"operator":"independentPrioritized"},{"id":"ScopedDefaultDataIdVPCK","vars":[33],"effectivity":{"type":"i","values":["1;11"]},"type":"expr","ilIdx":11,"operator":"independentPrioritized"},{"id":"ScopedDefaultDataIdWSCH","vars":[14],"effectivity":{"type":"i","values":["1;11"]},"type":"expr","ilIdx":12,"operator":"independentPrioritized"},{"id":"ScopedDefaultDataIdHSEAT","vars":[16],"effectivity":{"type":"i","values":["1;11"]},"type":"expr","ilIdx":13,"operator":"independentPrioritized"},{"id":"ScopedDefaultDataIdPARK","vars":[34],"effectivity":{"type":"i","values":["1;11"]},"type":"expr","ilIdx":14,"operator":"independentPrioritized"},{"id":"DEFAULT_1","vars":[39],"effectivity":{"type":"i","values":["2;11"]},"type":"expr","ilIdx":15,"operator":"independentPrioritized"},{"id":"DEFAULT_2","vars":[18],"effectivity":{"type":"i","values":["2;11"]},"type":"expr","ilIdx":16,"operator":"independentPrioritized"},{"id":"WHLPriorities","vars":[18],"effectivity":{"type":"i","values":["1;11"]},"type":"priorities","values":{"type":"s","values":["WHL16_A","WHL17_B","WHL18_B","WHL20_C"]}},{"id":"AUDPriorities","vars":[38],"effectivity":{"type":"i","values":["1;11"]},"type":"priorities","values":{"type":"s","values":["BASE_AUD","HIGH_AUD","PREM_AUD"]}},{"id":"BODYPriorities","vars":[9],"effectivity":{"type":"i","values":["1;11"]},"type":"priorities","values":{"type":"s","values":["3DR","5DR"]}},{"id":"CCPPriorities","vars":[13],"effectivity":{"type":"i","values":["1;11"]},"type":"priorities","values":{"type":"s","values":["N_CCP","Y_CCP"]}},{"id":"DASH_INSERTS.TACHOMETERPriorities","vars":[28],"effectivity":{"type":"i","values":["1;11"]},"type":"priorities","values":{"type":"b","values":["false"]}},{"id":"DASH_INSERTS.RADIO_SCREENPriorities","vars":[29],"effectivity":{"type":"i","values":["1;11"]},"type":"priorities","values":{"type":"b","values":["false"]}},{"id":"DASH_INSERTS.DASH_NAVPriorities","vars":[30],"effectivity":{"type":"i","values":["1;11"]},"type":"priorities","values":{"type":"b","values":["false"]}},{"id":"DASH_INSERTS.DIGITAL_ODOMPriorities","vars":[31],"effectivity":{"type":"i","values":["1;11"]},"type":"priorities","values":{"type":"b","values":["false"]}},{"id":"DASH_INSERTS.ANALOG_ODOMPriorities","vars":[32],"effectivity":{"type":"i","values":["1;11"]},"type":"priorities","values":{"type":"b","values":["false"]}},{"id":"DRFRQPriorities","vars":[10],"effectivity":{"type":"i","values":["1;11"]},"type":"priorities","values":{"type":"s","values":["315MHZ","433MHZ"]}},{"id":"DRVPriorities","vars":[12],"effectivity":{"type":"i","values":["1;11"]},"type":"priorities","values":{"type":"s","values":["LHD","RHD"]}},{"id":"EMLEVPriorities","vars":[37],"effectivity":{"type":"i","values":["1;11"]},"type":"priorities","values":{"type":"s","values":["EU2","EU4","EU5"]}},{"id":"ENGPriorities","vars":[8],"effectivity":{"type":"i","values":["1;11"]},"type":"priorities","values":{"type":"s","values":["20DSL","16PTR"]}},{"id":"HLAMPPriorities","vars":[35],"effectivity":{"type":"i","values":["1;11"]},"type":"priorities","values":{"type":"s","values":["HAL","XEN","AXEN"]}},{"id":"HSWPriorities","vars":[15],"effectivity":{"type":"i","values":["1;11"]},"type":"priorities","values":{"type":"s","values":["N_HSW","Y_HSW"]}},{"id":"INTRIMPriorities","vars":[17],"effectivity":{"type":"i","values":["1;11"]},"type":"priorities","values":{"type":"s","values":["ALU","OAK","GLS"]}},{"id":"PCOLPriorities","vars":[39],"effectivity":{"type":"i","values":["1;11"]},"type":"priorities","values":{"type":"s","values":["BLK","WHT","BLU","RED"]}},{"id":"PRKAPriorities","vars":[36],"effectivity":{"type":"i","values":["1;11"]},"type":"priorities","values":{"type":"s","values":["N_PRKA","Y_PRKA"]}},{"id":"RCAMPriorities","vars":[11],"effectivity":{"type":"i","values":["1;11"]},"type":"priorities","values":{"type":"s","values":["N_RCAM","Y_RCAM"]}},{"id":"SPRTPriorities","vars":[19],"effectivity":{"type":"i","values":["1;11"]},"type":"priorities","values":{"type":"s","values":["N_SPRT","Y_SPRT"]}},{"id":"TRANPriorities","vars":[40],"effectivity":{"type":"i","values":["1;11"]},"type":"priorities","values":{"type":"s","values":["5SP_MAN","6SP_AUT"]}},{"id":"TVRECPriorities","vars":[27],"effectivity":{"type":"i","values":["1;11"]},"type":"priorities","values":{"type":"s","values":["N_TVREC","Y_TVREC"]}},{"id":"VPCKPriorities","vars":[33],"effectivity":{"type":"i","values":["1;11"]},"type":"priorities","values":{"type":"s","values":["N_VPCK","Y_VPCK"]}},{"id":"WHEEL_ACC.REAR_MUD_DESIGNERPriorities","vars":[21],"effectivity":{"type":"i","values":["1;11"]},"type":"priorities","values":{"type":"b","values":["false"]}},{"id":"WHEEL_ACC.FRT_MUD_DESIGNERPriorities","vars":[22],"effectivity":{"type":"i","values":["1;11"]},"type":"priorities","values":{"type":"b","values":["false"]}},{"id":"WHEEL_ACC.SNOW_TRACTIONPriorities","vars":[23],"effectivity":{"type":"i","values":["1;11"]},"type":"priorities","values":{"type":"b","values":["false"]}},{"id":"WHEEL_ACC.SNOW_AID_EMERPriorities","vars":[20],"effectivity":{"type":"i","values":["1;11"]},"type":"priorities","values":{"type":"b","values":["false"]}},{"id":"WHEEL_ACC.WHEEL_CLEANERPriorities","vars":[24],"effectivity":{"type":"i","values":["1;11"]},"type":"priorities","values":{"type":"b","values":["false"]}},{"id":"WHEEL_ACC.REAR_MUDPriorities","vars":[25],"effectivity":{"type":"i","values":["1;11"]},"type":"priorities","values":{"type":"b","values":["false"]}},{"id":"WHEEL_ACC.FRT_MUDPriorities","vars":[26],"effectivity":{"type":"i","values":["1;11"]},"type":"priorities","values":{"type":"b","values":["false"]}},{"id":"WSCHPriorities","vars":[14],"effectivity":{"type":"i","values":["1;11"]},"type":"priorities","values":{"type":"s","values":["N_WSCH","Y_WSCH"]}},{"id":"HSEATPriorities","vars":[16],"effectivity":{"type":"i","values":["1;11"]},"type":"priorities","values":{"type":"s","values":["N_HSEAT","Y_HSEATF","Y_HSEATA"]}},{"id":"PARKPriorities","vars":[34],"effectivity":{"type":"i","values":["1;11"]},"type":"priorities","values":{"type":"s","values":["N_PARK","Y_PARK"]}},{"id":"DR_SEAT.ADJ_TPriorities","vars":[64],"effectivity":{"type":"i","values":["0;11"]},"type":"priorities","values":{"type":"s","values":["MAN","MECH","MEM"]}},{"id":"DR_SEAT.C_UNDERSEATPriorities","vars":[65],"effectivity":{"type":"i","values":["0;11"]},"type":"priorities","values":{"type":"s","values":["NO","YES"]}},{"id":"DR_SEAT.MATRLPriorities","vars":[62],"effectivity":{"type":"i","values":["0;11"]},"type":"priorities","values":{"type":"s","values":["FAB","LEAT"]}},{"id":"DR_SEAT.STYPriorities","vars":[63],"effectivity":{"type":"i","values":["0;11"]},"type":"priorities","values":{"type":"s","values":["ADV","BAS","LUXU"]}},{"id":"MIRROR_1.BLINDSPOTPriorities","vars":[53],"effectivity":{"type":"i","values":["0;11"]},"type":"priorities","values":{"type":"s","values":["LIGHT","NONE"]}},{"id":"MIRROR_1.BLINKERPriorities","vars":[55],"effectivity":{"type":"i","values":["0;11"]},"type":"priorities","values":{"type":"s","values":["NO","YES"]}},{"id":"MIRROR_1.FOLDPriorities","vars":[51],"effectivity":{"type":"i","values":["0;11"]},"type":"priorities","values":{"type":"s","values":["NO","YES"]}},{"id":"MIRROR_1.HEAT_MIRPriorities","vars":[50],"effectivity":{"type":"i","values":["0;11"]},"type":"priorities","values":{"type":"s","values":["AUTO","MAN","NO"]}},{"id":"MIRROR_1.MEM_MIRPriorities","vars":[54],"effectivity":{"type":"i","values":["0;11"]},"type":"priorities","values":{"type":"s","values":["NO","YES"]}},{"id":"MIRROR_1.MIRROR_TYPEPriorities","vars":[52],"effectivity":{"type":"i","values":["0;11"]},"type":"priorities","values":{"type":"s","values":["BASIC","ELEGANT","SAFETY","WARMCLIM"]}}]}