{"version":1,"rulesInfo":[{"id":"ReplacementOfVariable_MIRROR_1.EVENT","modelId":"X0","ruleIdInModelId":"ReplacementOfVariable_MIRROR_1.EVENT"},{"id":"ReplacementOfVariable_DR_SEAT.EVENT","modelId":"X0","ruleIdInModelId":"ReplacementOfVariable_DR_SEAT.EVENT"},{"id":"{ace|brochure-model|pr=X0,c=BM1|Brochure Model Definition for 2.0 Litre Diesel 3dr (BM1)}","modelId":"X0","ruleIdInModelId":"{ace|brochure-model|pr=X0,c=BM1|Brochure Model Definition for 2.0 Litre Diesel 3dr (BM1)}"},{"id":"{ace|brochure-model|pr=X0,c=BM1|Brochure Model Derivatives for 2.0 Litre Diesel 3dr (BM1)}","modelId":"X0","ruleIdInModelId":"{ace|brochure-model|pr=X0,c=BM1|Brochure Model Derivatives for 2.0 Litre Diesel 3dr (BM1)}"},{"id":"{ace|brochure-model|pr=X0,c=BM2|Brochure Model Definition for 2.0 Litre Diesel 5dr (BM2)}","modelId":"X0","ruleIdInModelId":"{ace|brochure-model|pr=X0,c=BM2|Brochure Model Definition for 2.0 Litre Diesel 5dr (BM2)}"},{"id":"{ace|brochure-model|pr=X0,c=BM2|Brochure Model Derivatives for 2.0 Litre Diesel 5dr (BM2)}","modelId":"X0","ruleIdInModelId":"{ace|brochure-model|pr=X0,c=BM2|Brochure Model Derivatives for 2.0 Litre Diesel 5dr (BM2)}"},{"id":"{ace|brochure-model|pr=X0,c=BM3|Brochure Model Definition for 1.6 Litre Petrol 3dr (BM3)}","modelId":"X0","ruleIdInModelId":"{ace|brochure-model|pr=X0,c=BM3|Brochure Model Definition for 1.6 Litre Petrol 3dr (BM3)}"},{"id":"{ace|brochure-model|pr=X0,c=BM3|Brochure Model Derivatives for 1.6 Litre Petrol 3dr (BM3)}","modelId":"X0","ruleIdInModelId":"{ace|brochure-model|pr=X0,c=BM3|Brochure Model Derivatives for 1.6 Litre Petrol 3dr (BM3)}"},{"id":"{ace|brochure-model|pr=X0,c=BM4|Brochure Model Definition for 1.6 Litre Petrol 5dr (BM4)}","modelId":"X0","ruleIdInModelId":"{ace|brochure-model|pr=X0,c=BM4|Brochure Model Definition for 1.6 Litre Petrol 5dr (BM4)}"},{"id":"{ace|brochure-model|pr=X0,c=BM4|Brochure Model Derivatives for 1.6 Litre Petrol 5dr (BM4)}","modelId":"X0","ruleIdInModelId":"{ace|brochure-model|pr=X0,c=BM4|Brochure Model Derivatives for 1.6 Litre Petrol 5dr (BM4)}"},{"id":"{ace|event|pr=X0,c=X0_START|Build Date for Event Default Start Date (X0_START)}","modelId":"X0","ruleIdInModelId":"{ace|event|pr=X0,c=X0_START|Build Date for Event Default Start Date (X0_START)}"},{"id":"{ace|event|pr=X0,c=20MY_JOB1 OUT|Build Date for Event Start of Programme (20MY_JOB1 OUT)}","modelId":"X0","ruleIdInModelId":"{ace|event|pr=X0,c=20MY_JOB1 OUT|Build Date for Event Start of Programme (20MY_JOB1 OUT)}"},{"id":"{ace|event|pr=X0,c=20MY_TT|Build Date for Event 2020 Model Year TT (20MY_TT)}","modelId":"X0","ruleIdInModelId":"{ace|event|pr=X0,c=20MY_TT|Build Date for Event 2020 Model Year TT (20MY_TT)}"},{"id":"{ace|event|pr=X0,c=20MY_PP|Build Date for Event 2020 Model Year PP (20MY_PP)}","modelId":"X0","ruleIdInModelId":"{ace|event|pr=X0,c=20MY_PP|Build Date for Event 2020 Model Year PP (20MY_PP)}"},{"id":"{ace|event|pr=X0,c=20MY_MP1|Build Date for Event 2020 Model Year MP1 (20MY_MP1)}","modelId":"X0","ruleIdInModelId":"{ace|event|pr=X0,c=20MY_MP1|Build Date for Event 2020 Model Year MP1 (20MY_MP1)}"},{"id":"{ace|event|pr=X0,c=20MY_JOB1|Build Date for Event 2020 Model Year Job 1 (20MY_JOB1)}","modelId":"X0","ruleIdInModelId":"{ace|event|pr=X0,c=20MY_JOB1|Build Date for Event 2020 Model Year Job 1 (20MY_JOB1)}"},{"id":"{ace|event|pr=X0,c=RVCAM_US|Build Date for Event Must Have Reverse Camera in US (RVCAM_US)}","modelId":"X0","ruleIdInModelId":"{ace|event|pr=X0,c=RVCAM_US|Build Date for Event Must Have Reverse Camera in US (RVCAM_US)}"},{"id":"{ace|event|pr=X0,c=21MY_JOB1 OUT|Build Date for Event Start of Programme (21MY_JOB1 OUT)}","modelId":"X0","ruleIdInModelId":"{ace|event|pr=X0,c=21MY_JOB1 OUT|Build Date for Event Start of Programme (21MY_JOB1 OUT)}"},{"id":"{ace|event|pr=X0,c=21MY_TT|Build Date for Event 2021 Model Year TT (21MY_TT)}","modelId":"X0","ruleIdInModelId":"{ace|event|pr=X0,c=21MY_TT|Build Date for Event 2021 Model Year TT (21MY_TT)}"},{"id":"{ace|event|pr=X0,c=21MY_PP|Build Date for Event 2021 Model Year PP (21MY_PP)}","modelId":"X0","ruleIdInModelId":"{ace|event|pr=X0,c=21MY_PP|Build Date for Event 2021 Model Year PP (21MY_PP)}"},{"id":"{ace|event|pr=X0,c=21MY_MP1|Build Date for Event 2021 Model Year MP1 (21MY_MP1)}","modelId":"X0","ruleIdInModelId":"{ace|event|pr=X0,c=21MY_MP1|Build Date for Event 2021 Model Year MP1 (21MY_MP1)}"},{"id":"{ace|event|pr=X0,c=21MY_JOB1|Build Date for Event 2021 Model Year Job 1 (21MY_JOB1)}","modelId":"X0","ruleIdInModelId":"{ace|event|pr=X0,c=21MY_JOB1|Build Date for Event 2021 Model Year Job 1 (21MY_JOB1)}"},{"id":"{ace|market-availability|pr=X0|Market Availability}","modelId":"X0","ruleIdInModelId":"{ace|market-availability|pr=X0|Market Availability}"},{"id":"{ace|model-year-mapping|pr=X0,c=20MY|Model Year Mapping for 2020 Model Year (20MY)}","modelId":"X0","ruleIdInModelId":"{ace|model-year-mapping|pr=X0,c=20MY|Model Year Mapping for 2020 Model Year (20MY)}"},{"id":"{ace|build-phase-mapping|pr=X0,my=20MY,c=VOLBP|Build Phase Mapping for Volume Build Phase (VOLBP)}","modelId":"X0","ruleIdInModelId":"{ace|build-phase-mapping|pr=X0,my=20MY,c=VOLBP|Build Phase Mapping for Volume Build Phase (VOLBP)}"},{"id":"{ace|build-phase-mapping|pr=X0,my=20MY,c=TTBP|Build Phase Mapping for Tools Testing Build Phase (TTBP)}","modelId":"X0","ruleIdInModelId":"{ace|build-phase-mapping|pr=X0,my=20MY,c=TTBP|Build Phase Mapping for Tools Testing Build Phase (TTBP)}"},{"id":"{ace|build-phase-mapping|pr=X0,my=20MY,c=PPBP|Build Phase Mapping for Pre Production Build Phase (PPBP)}","modelId":"X0","ruleIdInModelId":"{ace|build-phase-mapping|pr=X0,my=20MY,c=PPBP|Build Phase Mapping for Pre Production Build Phase (PPBP)}"},{"id":"{ace|build-phase-mapping|pr=X0,my=20MY,c=MP1BP|Build Phase Mapping for Manufacturing Prototype Build Phase (MP1BP)}","modelId":"X0","ruleIdInModelId":"{ace|build-phase-mapping|pr=X0,my=20MY,c=MP1BP|Build Phase Mapping for Manufacturing Prototype Build Phase (MP1BP)}"},{"id":"{ace|model-year-mapping|pr=X0,c=20MY|Build Phases for Model Year Mapping for 2020 Model Year (20MY)}","modelId":"X0","ruleIdInModelId":"{ace|model-year-mapping|pr=X0,c=20MY|Build Phases for Model Year Mapping for 2020 Model Year (20MY)}"},{"id":"{ace|model-year-mapping|pr=X0,c=21MY|Model Year Mapping for 2021 Model Year (21MY)}","modelId":"X0","ruleIdInModelId":"{ace|model-year-mapping|pr=X0,c=21MY|Model Year Mapping for 2021 Model Year (21MY)}"},{"id":"{ace|build-phase-mapping|pr=X0,my=21MY,c=VOLBP|Build Phase Mapping for Volume Build Phase (VOLBP)}","modelId":"X0","ruleIdInModelId":"{ace|build-phase-mapping|pr=X0,my=21MY,c=VOLBP|Build Phase Mapping for Volume Build Phase (VOLBP)}"},{"id":"{ace|build-phase-mapping|pr=X0,my=21MY,c=TTBP|Build Phase Mapping for Tools Testing Build Phase (TTBP)}","modelId":"X0","ruleIdInModelId":"{ace|build-phase-mapping|pr=X0,my=21MY,c=TTBP|Build Phase Mapping for Tools Testing Build Phase (TTBP)}"},{"id":"{ace|build-phase-mapping|pr=X0,my=21MY,c=PPBP|Build Phase Mapping for Pre Production Build Phase (PPBP)}","modelId":"X0","ruleIdInModelId":"{ace|build-phase-mapping|pr=X0,my=21MY,c=PPBP|Build Phase Mapping for Pre Production Build Phase (PPBP)}"},{"id":"{ace|build-phase-mapping|pr=X0,my=21MY,c=MP1BP|Build Phase Mapping for Manufacturing Prototype Build Phase (MP1BP)}","modelId":"X0","ruleIdInModelId":"{ace|build-phase-mapping|pr=X0,my=21MY,c=MP1BP|Build Phase Mapping for Manufacturing Prototype Build Phase (MP1BP)}"},{"id":"{ace|model-year-mapping|pr=X0,c=21MY|Build Phases for Model Year Mapping for 2021 Model Year (21MY)}","modelId":"X0","ruleIdInModelId":"{ace|model-year-mapping|pr=X0,c=21MY|Build Phases for Model Year Mapping for 2021 Model Year (21MY)}"},{"id":"UnavailableEvents","modelId":"X0","ruleIdInModelId":"UnavailableEvents"},{"id":"{ace|programme|pr=X0,c=NOPROGRAMME|Events for Programme  (NOPROGRAMME)}","modelId":"X0","ruleIdInModelId":"{ace|programme|pr=X0,c=NOPROGRAMME|Events for Programme  (NOPROGRAMME)}"},{"id":"{ace|programme|pr=X0,c=2020MY|Events for Programme 2020 Model Year (2020MY)}","modelId":"X0","ruleIdInModelId":"{ace|programme|pr=X0,c=2020MY|Events for Programme 2020 Model Year (2020MY)}"},{"id":"{ace|programme|pr=X0,c=2021MY|Events for Programme 2021 Model Year (2021MY)}","modelId":"X0","ruleIdInModelId":"{ace|programme|pr=X0,c=2021MY|Events for Programme 2021 Model Year (2021MY)}"},{"id":"{ace|rule|pr=X0,c=1|TV Receiver incompatibility with heated front screen (1)}","modelId":"X0","ruleIdInModelId":"{ace|rule|pr=X0,c=1|TV Receiver incompatibility with heated front screen (1)}"},{"id":"{ace|rule|pr=X0,c=2|On Jan 1 2018, in US must have Rear View Camera (2)}","modelId":"X0","ruleIdInModelId":"{ace|rule|pr=X0,c=2|On Jan 1 2018, in US must have Rear View Camera (2)}"},{"id":"{ace|rule|pr=X0,c=3|Parking assist requires Rear View Camera Park and Distance Control Sensor Rear (3)}","modelId":"X0","ruleIdInModelId":"{ace|rule|pr=X0,c=3|Parking assist requires Rear View Camera Park and Distance Control Sensor Rear (3)}"},{"id":"{ace|rule|pr=X0,c=4|Mud flap restrictions (4)}","modelId":"X0","ruleIdInModelId":"{ace|rule|pr=X0,c=4|Mud flap restrictions (4)}"},{"id":"{ace|rule|pr=X0,c=5|Limits on emergency snow traction aid availability (5)}","modelId":"X0","ruleIdInModelId":"{ace|rule|pr=X0,c=5|Limits on emergency snow traction aid availability (5)}"},{"id":"{ace|rule|pr=X0,c=6|Count for Dash Options (6)}","modelId":"X0","ruleIdInModelId":"{ace|rule|pr=X0,c=6|Count for Dash Options (6)}"},{"id":"{ace|rule|pr=X0,c=7|Count for Wheel Accessories - limits (7)}","modelId":"X0","ruleIdInModelId":"{ace|rule|pr=X0,c=7|Count for Wheel Accessories - limits (7)}"},{"id":"{ace|rule|pr=X0,c=8|Door Lock Frequency fitment and Drive Hands (8)}","modelId":"X0","ruleIdInModelId":"{ace|rule|pr=X0,c=8|Door Lock Frequency fitment and Drive Hands (8)}"},{"id":"{ace|rule|pr=X0,c=9|Vision Pack contains Adaptive Xenon Headlamps and Parking Assist (9)}","modelId":"X0","ruleIdInModelId":"{ace|rule|pr=X0,c=9|Vision Pack contains Adaptive Xenon Headlamps and Parking Assist (9)}"},{"id":"{ace|rule|pr=X0,c=10|Cold Climate Pack Implies Heated Steering Wheel, Heated Seats and Heated Windscreen (10)}","modelId":"X0","ruleIdInModelId":"{ace|rule|pr=X0,c=10|Cold Climate Pack Implies Heated Steering Wheel, Heated Seats and Heated Windscreen (10)}"},{"id":"{ace|rule|pr=X0,c=11|Sports Pack implied 20\" Wheels if on LUX, 18\" Wheels if BASIC, and implies Gloss Black (GLS) interior trim (11)}","modelId":"X0","ruleIdInModelId":"{ace|rule|pr=X0,c=11|Sports Pack implied 20\" Wheels if on LUX, 18\" Wheels if BASIC, and implies Gloss Black (GLS) interior trim (11)}"},{"id":"{ace|rule|pr=X0,c=12|Door Lock Frequency (12)}","modelId":"X0","ruleIdInModelId":"{ace|rule|pr=X0,c=12|Door Lock Frequency (12)}"},{"id":"{ace|feature-applicability|pr=X0,ff=TRAN|Feature Applicability for Features in Feature Family Transmission (TRAN)}","modelId":"X0","ruleIdInModelId":"{ace|feature-applicability|pr=X0,ff=TRAN|Feature Applicability for Features in Feature Family Transmission (TRAN)}"},{"id":"{ace|feature-applicability|pr=X0,ff=PCOL|Feature Applicability for Features in Feature Family Paint Colour (PCOL)}","modelId":"X0","ruleIdInModelId":"{ace|feature-applicability|pr=X0,ff=PCOL|Feature Applicability for Features in Feature Family Paint Colour (PCOL)}"},{"id":"{ace|feature-applicability|pr=X0,ff=HLAMP|Feature Applicability for Features in Feature Family Headlamps (HLAMP)}","modelId":"X0","ruleIdInModelId":"{ace|feature-applicability|pr=X0,ff=HLAMP|Feature Applicability for Features in Feature Family Headlamps (HLAMP)}"},{"id":"{ace|feature-applicability|pr=X0,ff=INTRIM|Feature Applicability for Features in Feature Family Interior Trim (INTRIM)}","modelId":"X0","ruleIdInModelId":"{ace|feature-applicability|pr=X0,ff=INTRIM|Feature Applicability for Features in Feature Family Interior Trim (INTRIM)}"},{"id":"{ace|feature-applicability|pr=X0,ff=PARK|Feature Applicability for Features in Feature Family Parking Assist (PARK)}","modelId":"X0","ruleIdInModelId":"{ace|feature-applicability|pr=X0,ff=PARK|Feature Applicability for Features in Feature Family Parking Assist (PARK)}"},{"id":"{ace|feature-applicability|pr=X0,ff=CCP|Feature Applicability for Features in Feature Family Cold Climate Pack (CCP)}","modelId":"X0","ruleIdInModelId":"{ace|feature-applicability|pr=X0,ff=CCP|Feature Applicability for Features in Feature Family Cold Climate Pack (CCP)}"},{"id":"{ace|feature-applicability|pr=X0,ff=WSCH|Feature Applicability for Features in Feature Family Windscreen Heating (WSCH)}","modelId":"X0","ruleIdInModelId":"{ace|feature-applicability|pr=X0,ff=WSCH|Feature Applicability for Features in Feature Family Windscreen Heating (WSCH)}"},{"id":"{ace|feature-applicability|pr=X0,ff=HSW|Feature Applicability for Features in Feature Family Heated Steering Wheel (HSW)}","modelId":"X0","ruleIdInModelId":"{ace|feature-applicability|pr=X0,ff=HSW|Feature Applicability for Features in Feature Family Heated Steering Wheel (HSW)}"},{"id":"{ace|feature-applicability|pr=X0,ff=HSEAT|Feature Applicability for Features in Feature Family Heated Seats (HSEAT)}","modelId":"X0","ruleIdInModelId":"{ace|feature-applicability|pr=X0,ff=HSEAT|Feature Applicability for Features in Feature Family Heated Seats (HSEAT)}"},{"id":"{ace|feature-applicability|pr=X0,ff=AUD|Feature Applicability for Features in Feature Family Audio System (AUD)}","modelId":"X0","ruleIdInModelId":"{ace|feature-applicability|pr=X0,ff=AUD|Feature Applicability for Features in Feature Family Audio System (AUD)}"},{"id":"{ace|feature-applicability|pr=X0,ff=WHL|Feature Applicability for Features in Feature Family Wheels (WHL)}","modelId":"X0","ruleIdInModelId":"{ace|feature-applicability|pr=X0,ff=WHL|Feature Applicability for Features in Feature Family Wheels (WHL)}"},{"id":"{ace|feature-applicability|pr=X0,ff=DRV|Feature Applicability for Features in Feature Family Drive hands (DRV)}","modelId":"X0","ruleIdInModelId":"{ace|feature-applicability|pr=X0,ff=DRV|Feature Applicability for Features in Feature Family Drive hands (DRV)}"},{"id":"{ace|feature-applicability|pr=X0,ff=DRFRQ|Feature Applicability for Features in Feature Family Door lock frequency (DRFRQ)}","modelId":"X0","ruleIdInModelId":"{ace|feature-applicability|pr=X0,ff=DRFRQ|Feature Applicability for Features in Feature Family Door lock frequency (DRFRQ)}"},{"id":"{ace|feature-applicability|pr=X0,ff=EMLEV|Feature Applicability for Features in Feature Family Emission Levels (EMLEV)}","modelId":"X0","ruleIdInModelId":"{ace|feature-applicability|pr=X0,ff=EMLEV|Feature Applicability for Features in Feature Family Emission Levels (EMLEV)}"},{"id":"{ace|feature-applicability|pr=X0,ff=TVREC|Feature Applicability for Features in Feature Family TV Receiver (TVREC)}","modelId":"X0","ruleIdInModelId":"{ace|feature-applicability|pr=X0,ff=TVREC|Feature Applicability for Features in Feature Family TV Receiver (TVREC)}"},{"id":"{ace|feature-applicability|pr=X0,ff=PRKA|Feature Applicability for Features in Feature Family Park Distance Control Sensor Rear (PRKA)}","modelId":"X0","ruleIdInModelId":"{ace|feature-applicability|pr=X0,ff=PRKA|Feature Applicability for Features in Feature Family Park Distance Control Sensor Rear (PRKA)}"},{"id":"{ace|feature-applicability|pr=X0,ff=RCAM|Feature Applicability for Features in Feature Family Rear View Camera (RCAM)}","modelId":"X0","ruleIdInModelId":"{ace|feature-applicability|pr=X0,ff=RCAM|Feature Applicability for Features in Feature Family Rear View Camera (RCAM)}"},{"id":"{ace|feature-applicability|pr=X0,ff=VPCK|Feature Applicability for Features in Feature Family Vision Pack (VPCK)}","modelId":"X0","ruleIdInModelId":"{ace|feature-applicability|pr=X0,ff=VPCK|Feature Applicability for Features in Feature Family Vision Pack (VPCK)}"},{"id":"{ace|feature-applicability|pr=X0,ff=SPRT|Feature Applicability for Features in Feature Family Sports Pack (SPRT)}","modelId":"X0","ruleIdInModelId":"{ace|feature-applicability|pr=X0,ff=SPRT|Feature Applicability for Features in Feature Family Sports Pack (SPRT)}"},{"id":"{ace|feature-applicability|pr=X0,ff=DASH_INSERTS|Feature Applicability for Analog Odometer (ANALOG_ODOM)}","modelId":"X0","ruleIdInModelId":"{ace|feature-applicability|pr=X0,ff=DASH_INSERTS|Feature Applicability for Analog Odometer (ANALOG_ODOM)}"},{"id":"{ace|feature-applicability|pr=X0,ff=DASH_INSERTS|Feature Applicability for Digital Odometer (DIGITAL_ODOM)}","modelId":"X0","ruleIdInModelId":"{ace|feature-applicability|pr=X0,ff=DASH_INSERTS|Feature Applicability for Digital Odometer (DIGITAL_ODOM)}"},{"id":"{ace|feature-applicability|pr=X0,ff=DASH_INSERTS|Feature Applicability for Navigation Display in Dash (DASH_NAV)}","modelId":"X0","ruleIdInModelId":"{ace|feature-applicability|pr=X0,ff=DASH_INSERTS|Feature Applicability for Navigation Display in Dash (DASH_NAV)}"},{"id":"{ace|feature-applicability|pr=X0,ff=DASH_INSERTS|Feature Applicability for Digital Radio Display in Dash (RADIO_SCREEN)}","modelId":"X0","ruleIdInModelId":"{ace|feature-applicability|pr=X0,ff=DASH_INSERTS|Feature Applicability for Digital Radio Display in Dash (RADIO_SCREEN)}"},{"id":"{ace|feature-applicability|pr=X0,ff=DASH_INSERTS|Feature Applicability for Tachometer (TACHOMETER)}","modelId":"X0","ruleIdInModelId":"{ace|feature-applicability|pr=X0,ff=DASH_INSERTS|Feature Applicability for Tachometer (TACHOMETER)}"},{"id":"{ace|feature-applicability|pr=X0,ff=WHEEL_ACC|Feature Applicability for Front Mud Flap (FRT_MUD)}","modelId":"X0","ruleIdInModelId":"{ace|feature-applicability|pr=X0,ff=WHEEL_ACC|Feature Applicability for Front Mud Flap (FRT_MUD)}"},{"id":"{ace|feature-applicability|pr=X0,ff=WHEEL_ACC|Feature Applicability for Rear Mud Flap (REAR_MUD)}","modelId":"X0","ruleIdInModelId":"{ace|feature-applicability|pr=X0,ff=WHEEL_ACC|Feature Applicability for Rear Mud Flap (REAR_MUD)}"},{"id":"{ace|feature-applicability|pr=X0,ff=WHEEL_ACC|Feature Applicability for Wheel Cleaner - 250ml Trigger Spray (WHEEL_CLEANER)}","modelId":"X0","ruleIdInModelId":"{ace|feature-applicability|pr=X0,ff=WHEEL_ACC|Feature Applicability for Wheel Cleaner - 250ml Trigger Spray (WHEEL_CLEANER)}"},{"id":"{ace|feature-applicability|pr=X0,ff=WHEEL_ACC|Feature Applicability for Emergency Snow Traction Aid (SNOW_AID_EMER)}","modelId":"X0","ruleIdInModelId":"{ace|feature-applicability|pr=X0,ff=WHEEL_ACC|Feature Applicability for Emergency Snow Traction Aid (SNOW_AID_EMER)}"},{"id":"{ace|feature-applicability|pr=X0,ff=WHEEL_ACC|Feature Applicability for Snow Traction System (Snow Chains) (SNOW_TRACTION)}","modelId":"X0","ruleIdInModelId":"{ace|feature-applicability|pr=X0,ff=WHEEL_ACC|Feature Applicability for Snow Traction System (Snow Chains) (SNOW_TRACTION)}"},{"id":"{ace|feature-applicability|pr=X0,ff=WHEEL_ACC|Feature Applicability for Designer Front Mud Flap (FRT_MUD_DESIGNER)}","modelId":"X0","ruleIdInModelId":"{ace|feature-applicability|pr=X0,ff=WHEEL_ACC|Feature Applicability for Designer Front Mud Flap (FRT_MUD_DESIGNER)}"},{"id":"{ace|feature-applicability|pr=X0,ff=WHEEL_ACC|Feature Applicability for Designer Rear Mud Flap (REAR_MUD_DESIGNER)}","modelId":"X0","ruleIdInModelId":"{ace|feature-applicability|pr=X0,ff=WHEEL_ACC|Feature Applicability for Designer Rear Mud Flap (REAR_MUD_DESIGNER)}"},{"id":"MIRROR_1.{ace|event|pr=MIRROR,c=MIRROR_START|Build Date for Event Default Start Date (MIRROR_START)}","modelId":"MIRROR","ruleIdInModelId":"{ace|event|pr=MIRROR,c=MIRROR_START|Build Date for Event Default Start Date (MIRROR_START)}"},{"id":"MIRROR_1.UnavailableEvents","modelId":"MIRROR","ruleIdInModelId":"UnavailableEvents"},{"id":"MIRROR_1.{ace|rule|pr=MIRROR,c=1|Mirror Types (1)}","modelId":"MIRROR","ruleIdInModelId":"{ace|rule|pr=MIRROR,c=1|Mirror Types (1)}"},{"id":"DR_SEAT.ReplacementOfVariable_FABRICS_1.EVENT","modelId":"SEATS","ruleIdInModelId":"ReplacementOfVariable_FABRICS_1.EVENT"},{"id":"DR_SEAT.{ace|event|pr=SEATS,c=SEATS_START|Build Date for Event Default Start Date (SEATS_START)}","modelId":"SEATS","ruleIdInModelId":"{ace|event|pr=SEATS,c=SEATS_START|Build Date for Event Default Start Date (SEATS_START)}"},{"id":"DR_SEAT.{ace|event|pr=SEATS,c=V1_MEMORY_INTRO|Build Date for Event Seat Memory Intro (V1_MEMORY_INTRO)}","modelId":"SEATS","ruleIdInModelId":"{ace|event|pr=SEATS,c=V1_MEMORY_INTRO|Build Date for Event Seat Memory Intro (V1_MEMORY_INTRO)}"},{"id":"DR_SEAT.{ace|event|pr=SEATS,c=V2_LEATHER|Build Date for Event Leather seats (V2_LEATHER)}","modelId":"SEATS","ruleIdInModelId":"{ace|event|pr=SEATS,c=V2_LEATHER|Build Date for Event Leather seats (V2_LEATHER)}"},{"id":"DR_SEAT.UnavailableEvents","modelId":"SEATS","ruleIdInModelId":"UnavailableEvents"},{"id":"DR_SEAT.{ace|rule|pr=SEATS,c=1|memory, style and type (1)}","modelId":"SEATS","ruleIdInModelId":"{ace|rule|pr=SEATS,c=1|memory, style and type (1)}"},{"id":"DR_SEAT.{ace|rule|pr=SEATS,c=2|material and style (2)}","modelId":"SEATS","ruleIdInModelId":"{ace|rule|pr=SEATS,c=2|material and style (2)}"},{"id":"DR_SEAT.FABRICS_1.{ace|event|pr=FABRICS,c=FABRICS_START|Build Date for Event Default Start Date (FABRICS_START)}","modelId":"SEATS","ruleIdInModelId":"FABRICS_1.{ace|event|pr=FABRICS,c=FABRICS_START|Build Date for Event Default Start Date (FABRICS_START)}"},{"id":"DR_SEAT.FABRICS_1.{ace|event|pr=FABRICS,c=V1_INTRO_FABRIC|Build Date for Event Introduce Fabric (V1_INTRO_FABRIC)}","modelId":"SEATS","ruleIdInModelId":"FABRICS_1.{ace|event|pr=FABRICS,c=V1_INTRO_FABRIC|Build Date for Event Introduce Fabric (V1_INTRO_FABRIC)}"},{"id":"DR_SEAT.FABRICS_1.{ace|event|pr=FABRICS,c=V2_INTRO_LEAT|Build Date for Event Introduce Leather (V2_INTRO_LEAT)}","modelId":"SEATS","ruleIdInModelId":"FABRICS_1.{ace|event|pr=FABRICS,c=V2_INTRO_LEAT|Build Date for Event Introduce Leather (V2_INTRO_LEAT)}"},{"id":"DR_SEAT.FABRICS_1.{ace|event|pr=FABRICS,c=V3_INTRO_ORANGE|Build Date for Event Orange secondary color (V3_INTRO_ORANGE)}","modelId":"SEATS","ruleIdInModelId":"FABRICS_1.{ace|event|pr=FABRICS,c=V3_INTRO_ORANGE|Build Date for Event Orange secondary color (V3_INTRO_ORANGE)}"},{"id":"DR_SEAT.FABRICS_1.UnavailableEvents","modelId":"SEATS","ruleIdInModelId":"FABRICS_1.UnavailableEvents"},{"id":"DR_SEAT.FABRICS_1.{ace|rule|pr=FABRICS,c=2|leather only available in some colors (2)}","modelId":"SEATS","ruleIdInModelId":"FABRICS_1.{ace|rule|pr=FABRICS,c=2|leather only available in some colors (2)}"},{"id":"DR_SEAT.FABRICS_1.{ace|rule|pr=FABRICS,c=1|color relations (1)}","modelId":"SEATS","ruleIdInModelId":"FABRICS_1.{ace|rule|pr=FABRICS,c=1|color relations (1)}"}]}