{"version":1,"variables":[{"type":"b","name":"DASH_INSERTS.ANALOG_ODOM"},{"type":"b","name":"DASH_INSERTS.DIGITAL_ODOM"},{"type":"b","name":"DASH_INSERTS.DASH_NAV"},{"type":"b","name":"DASH_INSERTS.RADIO_SCREEN"},{"type":"b","name":"DASH_INSERTS.TACHOMETER"},{"type":"b","name":"WHEEL_ACC.FRT_MUD"},{"type":"b","name":"WHEEL_ACC.REAR_MUD"},{"type":"b","name":"WHEEL_ACC.WHEEL_CLEANER"},{"type":"b","name":"WHEEL_ACC.SNOW_AID_EMER"},{"type":"b","name":"WHEEL_ACC.SNOW_TRACTION"},{"type":"b","name":"WHEEL_ACC.FRT_MUD_DESIGNER"},{"type":"b","name":"WHEEL_ACC.REAR_MUD_DESIGNER"},{"type":"s","name":"MRKT","enumerated":true,"domain":["CHN","GBR","USA","DNK","PRT","ROU"]},{"type":"s","name":"ENG","enumerated":true,"domain":["20DSL","16PTR"]},{"type":"s","name":"BODY","enumerated":true,"domain":["3DR","5DR"]},{"type":"s","name":"CCP","enumerated":true,"domain":["N_CCP","Y_CCP"]},{"type":"s","name":"DERV","enumerated":true,"domain":["BASIC","LUX"]},{"type":"s","name":"WHL","enumerated":true,"domain":["WHL16_A","WHL17_B","WHL18_B","WHL20_C"]}]}