{"version":1,"variables":[{"variableId":"ENG","values":["20DSL","16PTR"]},{"variableId":"BODY","values":["3DR","5DR"]},{"variableId":"MRKT","values":["CHN","GBR","USA","DNK","PRT","ROU"]},{"variableId":"MDLY","values":["20MY","21MY"]},{"variableId":"BLDP","values":["VOLBP","TTBP","PPBP","MP1BP"]},{"variableId":"BMOD","values":["BMOD1","BMOD2","BMOD3","BMOD4"]},{"variableId":"DERV","values":["BASIC","LUX"]},{"variableId":"TRAN","values":["5SP_MAN","6SP_AUT"]},{"variableId":"PCOL","values":["BLK","WHT","BLU","RED"]},{"variableId":"HLAMP","values":["HAL","XEN","AXEN"]},{"variableId":"INTRIM","values":["ALU","OAK","GLS"]},{"variableId":"PARK","values":["N_PARK","Y_PARK"]},{"variableId":"CCP","values":["N_CCP","Y_CCP"]},{"variableId":"WSCH","values":["N_WSCH","Y_WSCH"]},{"variableId":"HSW","values":["N_HSW","Y_HSW"]},{"variableId":"HSEAT","values":["N_HSEAT","Y_HSEATF","Y_HSEATA"]},{"variableId":"AUD","values":["BASE_AUD","HIGH_AUD","PREM_AUD"]},{"variableId":"WHL","values":["WHL16_A","WHL17_B","WHL18_B","WHL20_C"]},{"variableId":"DRV","values":["LHD","RHD"]},{"variableId":"DRFRQ","values":["315MHZ","433MHZ"]},{"variableId":"EMLEV","values":["EU2","EU4","EU5"]},{"variableId":"TVREC","values":["N_TVREC","Y_TVREC"]},{"variableId":"PRKA","values":["N_PRKA","Y_PRKA"]},{"variableId":"RCAM","values":["N_RCAM","Y_RCAM"]},{"variableId":"VPCK","values":["N_VPCK","Y_VPCK"]},{"variableId":"SPRT","values":["N_SPRT","Y_SPRT"]},{"variableId":"DASH_INSERTS","values":["ANALOG_ODOM","DIGITAL_ODOM","DASH_NAV","RADIO_SCREEN","TACHOMETER"]},{"variableId":"WHEEL_ACC","values":["FRT_MUD","REAR_MUD","WHEEL_CLEANER","SNOW_AID_EMER","SNOW_TRACTION","FRT_MUD_DESIGNER","REAR_MUD_DESIGNER"]},{"variableId":"PROD","values":["X0"]},{"variableId":"BRND","values":["CCARS_F"]},{"variableId":"PROGRAMME","values":["2020MY","2021MY","NOPROGRAMME"]},{"variableId":"EVENT","values":["X0_START","20MY_JOB1 OUT","20MY_TT","20MY_PP","20MY_MP1","20MY_JOB1","RVCAM_US","21MY_JOB1 OUT","21MY_TT","21MY_PP","21MY_MP1","21MY_JOB1","X0_END"]},{"variableId":"MIRROR_1.FOLD","values":["NO","YES"]},{"variableId":"MIRROR_1.MEM_MIR","values":["NO","YES"]},{"variableId":"MIRROR_1.HEAT_MIR","values":["AUTO","MAN","NO"]},{"variableId":"MIRROR_1.BLINKER","values":["NO","YES"]},{"variableId":"MIRROR_1.BLINDSPOT","values":["LIGHT","NONE"]},{"variableId":"MIRROR_1.MIRROR_TYPE","values":["BASIC","ELEGANT","SAFETY","WARMCLIM"]},{"variableId":"MIRROR_1.PROD","values":["MIRROR"]},{"variableId":"MIRROR_1.BRND","values":["CCARS_F"]},{"variableId":"DR_SEAT.MATRL","values":["FAB","LEAT"]},{"variableId":"DR_SEAT.STY","values":["ADV","BAS","LUXU"]},{"variableId":"DR_SEAT.ADJ_T","values":["MAN","MECH","MEM"]},{"variableId":"DR_SEAT.C_UNDERSEAT","values":["NO","YES"]},{"variableId":"DR_SEAT.PROD","values":["SEATS"]},{"variableId":"DR_SEAT.BRND","values":["CCARS_F"]},{"variableId":"DR_SEAT.FABRICS_1.STITCH","values":["BLK","BRN","GOLD","GRAY","RED"]},{"variableId":"DR_SEAT.FABRICS_1.PRI","values":["BLK","BRN","RED"]},{"variableId":"DR_SEAT.FABRICS_1.SEC","values":["BLK","BLUE","GRAY","ORG","RED"]},{"variableId":"DR_SEAT.FABRICS_1.PROD","values":["FABRICS"]},{"variableId":"DR_SEAT.FABRICS_1.BRND","values":["CCARS_F"]}]}