{"version":1,"variables":[{"type":"s","name":"#ID","enumerated":true,"domain":["X0","IHEAR","8QUEEN"]},{"type":"s","name":"#ProductType","enumerated":true,"domain":["Standard","Configurable","Phantom"]},{"type":"d","name":"#ValidFrom","domain":["-62135596800000","-62135596799000;253402300799000"]},{"type":"d","name":"#ValidTo","domain":["-62135596800000;253402300798000","253402300799000"]},{"type":"s","name":"BRAND","domain":[null,"CCARS","CCOMPUTERS","CHEAR"]},{"type":"s","name":"BRANDDESCRIPTION","domain":[null,"Configit Cars","Configit Computers","Configit Hearing Aids"]}]}