{"version":3,"id":"IHEARDefaults","evalMethod":"stable","requests":[{"id":"ScopedDefaultDataIdAUTOPHONE","vars":[22],"effectivity":{"type":"i","values":["1;3"]},"type":"expr","ilIdx":0,"operator":"independentPrioritized"},{"id":"ScopedDefaultDataIdAUTOTELECOIL","vars":[23],"effectivity":{"type":"i","values":["1;3"]},"type":"expr","ilIdx":1,"operator":"independentPrioritized"},{"id":"ScopedDefaultDataIdBINAURAL","vars":[32],"effectivity":{"type":"i","values":["1;3"]},"type":"expr","ilIdx":2,"operator":"independentPrioritized"},{"id":"ScopedDefaultDataIdMUSIC","vars":[28],"effectivity":{"type":"i","values":["1;3"]},"type":"expr","ilIdx":3,"operator":"independentPrioritized"},{"id":"ScopedDefaultDataIdPOWER_LEVEL","vars":[30],"effectivity":{"type":"i","values":["1;3"]},"type":"expr","ilIdx":4,"operator":"independentPrioritized"},{"id":"ScopedDefaultDataIdSOUND","vars":[14],"effectivity":{"type":"i","values":["1;3"]},"type":"expr","ilIdx":5,"operator":"independentPrioritized"},{"id":"ScopedDefaultDataIdSPATIAL","vars":[7],"effectivity":{"type":"i","values":["1;3"]},"type":"expr","ilIdx":6,"operator":"independentPrioritized"},{"id":"ScopedDefaultDataIdSTYLE","vars":[17],"effectivity":{"type":"i","values":["1;3"]},"type":"expr","ilIdx":7,"operator":"independentPrioritized"},{"id":"AGEPriorities","vars":[25],"effectivity":{"type":"i","values":["1;3"]},"type":"priorities","values":{"type":"s","values":["AGE_CHILD","AGE_ADULT"]}},{"id":"APPriorities","vars":[20],"effectivity":{"type":"i","values":["1;3"]},"type":"priorities","values":{"type":"s","values":["AP_NO","AP_YES"]}},{"id":"ATPriorities","vars":[21],"effectivity":{"type":"i","values":["1;3"]},"type":"priorities","values":{"type":"s","values":["AT_NO","AT_YES"]}},{"id":"AUTOPHONEPriorities","vars":[22],"effectivity":{"type":"i","values":["1;3"]},"type":"priorities","values":{"type":"s","values":["AUTOPHONE_NO","AUTOPHONE_YES"]}},{"id":"AUTOTELECOILPriorities","vars":[23],"effectivity":{"type":"i","values":["1;3"]},"type":"priorities","values":{"type":"s","values":["AUTOTELECOIL_NO","AUTOTELECOIL_YES"]}},{"id":"BATTERY_DRAWERPriorities","vars":[15],"effectivity":{"type":"i","values":["1;3"]},"type":"priorities","values":{"type":"s","values":["BATT_HORIZONTAL","BATT_VERTICAL"]}},{"id":"BATTERY_DRAWER_TYPPriorities","vars":[36],"effectivity":{"type":"i","values":["1;3"]},"type":"priorities","values":{"type":"s","values":["BAT_DRAWER_NORMAL","BAT_DRAWER_TAMPER"]}},{"id":"BATTERY_SIZEPriorities","vars":[18],"effectivity":{"type":"i","values":["1;3"]},"type":"priorities","values":{"type":"s","values":["BATTERY_SIZE_10","BATTERY_SIZE_312","BATTERY_SIZE_13"]}},{"id":"BINPriorities","vars":[16],"effectivity":{"type":"i","values":["1;3"]},"type":"priorities","values":{"type":"s","values":["BIN_NO","BIN_YES"]}},{"id":"BINAURALPriorities","vars":[32],"effectivity":{"type":"i","values":["1;3"]},"type":"priorities","values":{"type":"s","values":["BINAURAL_NO","BINAURAL_YES"]}},{"id":"COLORPriorities","vars":[8],"effectivity":{"type":"i","values":["1;3"]},"type":"priorities","values":{"type":"s","values":["COLOR_BEIGE","COLOR_BROWN","COLOR_TRANSPARENT","COLOR_BLUE","COLOR_PINK","COLOR_BLACK","COLOR_WHITE"]}},{"id":"CPUSPriorities","vars":[11],"effectivity":{"type":"i","values":["1;3"]},"type":"priorities","values":{"type":"s","values":["CPUS_1","CPUS_2","CPUS_4","CPUS_8"]}},{"id":"DIRPriorities","vars":[9],"effectivity":{"type":"i","values":["1;3"]},"type":"priorities","values":{"type":"s","values":["DIR_NO","DIR_YES"]}},{"id":"DSPPriorities","vars":[12],"effectivity":{"type":"i","values":["1;3"]},"type":"priorities","values":{"type":"s","values":["DSP_ADSP","DSP_DSP"]}},{"id":"GENDERPriorities","vars":[35],"effectivity":{"type":"i","values":["1;3"]},"type":"priorities","values":{"type":"s","values":["GEND_MALE","GEND_FEMALE"]}},{"id":"HEARING_LOSSPriorities","vars":[31],"effectivity":{"type":"i","values":["1;3"]},"type":"priorities","values":{"type":"s","values":["HEAR_MILD","HEAR_MODERATE","HEAR_SEVERE"]}},{"id":"MICROPHONESPriorities","vars":[13],"effectivity":{"type":"i","values":["1;3"]},"type":"priorities","values":{"type":"s","values":["MICR_DIRECTIONAL","MICR_DUAL","MICR_OMNIDIRECTIONAL"]}},{"id":"MUSPriorities","vars":[26],"effectivity":{"type":"i","values":["1;3"]},"type":"priorities","values":{"type":"s","values":["MUS_NO","MUS_YES"]}},{"id":"MUSICPriorities","vars":[28],"effectivity":{"type":"i","values":["1;3"]},"type":"priorities","values":{"type":"s","values":["MUSIC_NO","MUSIC_YES"]}},{"id":"POWER_LEVELPriorities","vars":[30],"effectivity":{"type":"i","values":["1;3"]},"type":"priorities","values":{"type":"s","values":["POWER_LEVEL_P1","POWER_LEVEL_P2","POWER_LEVEL_P3","POWER_LEVEL_P4"]}},{"id":"PRODUCT_LINEPriorities","vars":[6],"effectivity":{"type":"i","values":["1;3"]},"type":"priorities","values":{"type":"s","values":["CHILD","CUSTOM","INVISIBLE","MAX","POWER"]}},{"id":"PUSH_BUTTONPriorities","vars":[29],"effectivity":{"type":"i","values":["1;3"]},"type":"priorities","values":{"type":"s","values":["PUSH_DOUBLE","PUSH_SINGLE"]}},{"id":"RAMPriorities","vars":[33],"effectivity":{"type":"i","values":["1;3"]},"type":"priorities","values":{"type":"s","values":["RAM_8","RAM_32","RAM_64","RAM_128"]}},{"id":"SOUNDPriorities","vars":[14],"effectivity":{"type":"i","values":["1;3"]},"type":"priorities","values":{"type":"s","values":["SOUND_ADVANCED","SOUND_BASIC"]}},{"id":"SPAPriorities","vars":[10],"effectivity":{"type":"i","values":["1;3"]},"type":"priorities","values":{"type":"s","values":["SPA_NO","SPA_YES"]}},{"id":"SPATIALPriorities","vars":[7],"effectivity":{"type":"i","values":["1;3"]},"type":"priorities","values":{"type":"s","values":["SPAT_NONE","SPAT_ADVANCED","SPAT_BASIC"]}},{"id":"STYLEPriorities","vars":[17],"effectivity":{"type":"i","values":["1;3"]},"type":"priorities","values":{"type":"s","values":["STYLE_BTE","STYLE_RITE","STYLE_ITE"]}},{"id":"SWITCHESPriorities","vars":[19],"effectivity":{"type":"i","values":["1;3"]},"type":"priorities","values":{"type":"s","values":["SWIT_NONE","SWITCHES_GMR","SWIT_REED","SWIT_GMR_AND_REED"]}},{"id":"TELECOILPriorities","vars":[27],"effectivity":{"type":"i","values":["1;3"]},"type":"priorities","values":{"type":"s","values":["TELECOIL_NO","TELECOIL_YES"]}},{"id":"VOLUME_WHEELPriorities","vars":[34],"effectivity":{"type":"i","values":["1;3"]},"type":"priorities","values":{"type":"s","values":["VOLU_NONE","VOLU_ANALOG","VOLU_DIGITAL"]}},{"id":"WIRELESS_COILPriorities","vars":[24],"effectivity":{"type":"i","values":["1;3"]},"type":"priorities","values":{"type":"s","values":["WIRELESS_COIL_NO","WIRELESS_COIL_YES"]}}]}