{"version":3,"id":"8QUEENDefaults","evalMethod":"stable","requests":[{"id":"COL_APriorities","vars":[8],"effectivity":{"type":"i","values":["0"]},"type":"priorities","values":{"type":"s","values":["A1","A2","A3","A4","A5","A6","A7","A8"]}},{"id":"COL_BPriorities","vars":[9],"effectivity":{"type":"i","values":["0"]},"type":"priorities","values":{"type":"s","values":["B1","B2","B3","B4","B5","B6","B7","B8"]}},{"id":"COL_CPriorities","vars":[2],"effectivity":{"type":"i","values":["0"]},"type":"priorities","values":{"type":"s","values":["C1","C2","C3","C4","C5","C6","C7","C8"]}},{"id":"COL_DPriorities","vars":[3],"effectivity":{"type":"i","values":["0"]},"type":"priorities","values":{"type":"s","values":["D1","D2","D3","D4","D5","D6","D7","D8"]}},{"id":"COL_EPriorities","vars":[4],"effectivity":{"type":"i","values":["0"]},"type":"priorities","values":{"type":"s","values":["E1","E2","E3","E4","E5","E6","E7","E8"]}},{"id":"COL_FPriorities","vars":[5],"effectivity":{"type":"i","values":["0"]},"type":"priorities","values":{"type":"s","values":["F1","F2","F3","F4","F5","F6","F7","F8"]}},{"id":"COL_GPriorities","vars":[6],"effectivity":{"type":"i","values":["0"]},"type":"priorities","values":{"type":"s","values":["G1","G2","G3","G4","G5","G6","G7","G8"]}},{"id":"COL_HPriorities","vars":[7],"effectivity":{"type":"i","values":["0"]},"type":"priorities","values":{"type":"s","values":["H1","H2","H3","H4","H5","H6","H7","H8"]}}]}