{"version":1,"rulesInfo":[{"id":"{ace|event|pr=8QUEEN,c=8QUEEN_START|Build Date for Event Default Start Date (8QUEEN_START)}","modelId":"8QUEEN","ruleIdInModelId":"{ace|event|pr=8QUEEN,c=8QUEEN_START|Build Date for Event Default Start Date (8QUEEN_START)}"},{"id":"UnavailableEvents","modelId":"8QUEEN","ruleIdInModelId":"UnavailableEvents"},{"id":"{ace|rule|pr=8QUEEN,c=1|c[i] <> c[j] (1)}","modelId":"8QUEEN","ruleIdInModelId":"{ace|rule|pr=8QUEEN,c=1|c[i] <> c[j] (1)}"},{"id":"{ace|rule|pr=8QUEEN,c=2|NW-SE (2)}","modelId":"8QUEEN","ruleIdInModelId":"{ace|rule|pr=8QUEEN,c=2|NW-SE (2)}"},{"id":"{ace|rule|pr=8QUEEN,c=3|SW-NE (3)}","modelId":"8QUEEN","ruleIdInModelId":"{ace|rule|pr=8QUEEN,c=3|SW-NE (3)}"}]}