{"version":1,"rulesInfo":[{"id":"{ace|brochure-model|pr=IHEAR,c=BM_CHILD|Brochure Model Definition for iHear Child (BM_CHILD)}","modelId":"IHEAR","ruleIdInModelId":"{ace|brochure-model|pr=IHEAR,c=BM_CHILD|Brochure Model Definition for iHear Child (BM_CHILD)}"},{"id":"{ace|brochure-model|pr=IHEAR,c=BM_CHILD|Brochure Model Derivatives for iHear Child (BM_CHILD)}","modelId":"IHEAR","ruleIdInModelId":"{ace|brochure-model|pr=IHEAR,c=BM_CHILD|Brochure Model Derivatives for iHear Child (BM_CHILD)}"},{"id":"{ace|brochure-model|pr=IHEAR,c=BM_CUSTOM|Brochure Model Definition for iHear Custom (BM_CUSTOM)}","modelId":"IHEAR","ruleIdInModelId":"{ace|brochure-model|pr=IHEAR,c=BM_CUSTOM|Brochure Model Definition for iHear Custom (BM_CUSTOM)}"},{"id":"{ace|brochure-model|pr=IHEAR,c=BM_CUSTOM|Brochure Model Derivatives for iHear Custom (BM_CUSTOM)}","modelId":"IHEAR","ruleIdInModelId":"{ace|brochure-model|pr=IHEAR,c=BM_CUSTOM|Brochure Model Derivatives for iHear Custom (BM_CUSTOM)}"},{"id":"{ace|brochure-model|pr=IHEAR,c=BM_INVISIBLE|Brochure Model Definition for iHear Invisible (BM_INVISIBLE)}","modelId":"IHEAR","ruleIdInModelId":"{ace|brochure-model|pr=IHEAR,c=BM_INVISIBLE|Brochure Model Definition for iHear Invisible (BM_INVISIBLE)}"},{"id":"{ace|brochure-model|pr=IHEAR,c=BM_INVISIBLE|Brochure Model Derivatives for iHear Invisible (BM_INVISIBLE)}","modelId":"IHEAR","ruleIdInModelId":"{ace|brochure-model|pr=IHEAR,c=BM_INVISIBLE|Brochure Model Derivatives for iHear Invisible (BM_INVISIBLE)}"},{"id":"{ace|brochure-model|pr=IHEAR,c=BM_MAX|Brochure Model Definition for iHear Max (BM_MAX)}","modelId":"IHEAR","ruleIdInModelId":"{ace|brochure-model|pr=IHEAR,c=BM_MAX|Brochure Model Definition for iHear Max (BM_MAX)}"},{"id":"{ace|brochure-model|pr=IHEAR,c=BM_MAX|Brochure Model Derivatives for iHear Max (BM_MAX)}","modelId":"IHEAR","ruleIdInModelId":"{ace|brochure-model|pr=IHEAR,c=BM_MAX|Brochure Model Derivatives for iHear Max (BM_MAX)}"},{"id":"{ace|brochure-model|pr=IHEAR,c=BM_POWER|Brochure Model Definition for iHear Power (BM_POWER)}","modelId":"IHEAR","ruleIdInModelId":"{ace|brochure-model|pr=IHEAR,c=BM_POWER|Brochure Model Definition for iHear Power (BM_POWER)}"},{"id":"{ace|brochure-model|pr=IHEAR,c=BM_POWER|Brochure Model Derivatives for iHear Power (BM_POWER)}","modelId":"IHEAR","ruleIdInModelId":"{ace|brochure-model|pr=IHEAR,c=BM_POWER|Brochure Model Derivatives for iHear Power (BM_POWER)}"},{"id":"{ace|event|pr=IHEAR,c=IHEAR_START|Build Date for Event Default Start Date (IHEAR_START)}","modelId":"IHEAR","ruleIdInModelId":"{ace|event|pr=IHEAR,c=IHEAR_START|Build Date for Event Default Start Date (IHEAR_START)}"},{"id":"{ace|event|pr=IHEAR,c=PROD_INTRO|Build Date for Event Product Introduction (PROD_INTRO)}","modelId":"IHEAR","ruleIdInModelId":"{ace|event|pr=IHEAR,c=PROD_INTRO|Build Date for Event Product Introduction (PROD_INTRO)}"},{"id":"{ace|event|pr=IHEAR,c=INTRO_CHILD|Build Date for Event Child version available (INTRO_CHILD)}","modelId":"IHEAR","ruleIdInModelId":"{ace|event|pr=IHEAR,c=INTRO_CHILD|Build Date for Event Child version available (INTRO_CHILD)}"},{"id":"{ace|event|pr=IHEAR,c=INTRO_CUSTOM|Build Date for Event Custom hearing aid available (INTRO_CUSTOM)}","modelId":"IHEAR","ruleIdInModelId":"{ace|event|pr=IHEAR,c=INTRO_CUSTOM|Build Date for Event Custom hearing aid available (INTRO_CUSTOM)}"},{"id":"{ace|market-availability|pr=IHEAR|Market Availability}","modelId":"IHEAR","ruleIdInModelId":"{ace|market-availability|pr=IHEAR|Market Availability}"},{"id":"UnavailableEvents","modelId":"IHEAR","ruleIdInModelId":"UnavailableEvents"},{"id":"{ace|programme|pr=IHEAR,c=NOPROGRAMME|Events for Programme  (NOPROGRAMME)}","modelId":"IHEAR","ruleIdInModelId":"{ace|programme|pr=IHEAR,c=NOPROGRAMME|Events for Programme  (NOPROGRAMME)}"},{"id":"{ace|rule|pr=IHEAR,c=1|Battery Alignment and microphone restriction (1)}","modelId":"IHEAR","ruleIdInModelId":"{ace|rule|pr=IHEAR,c=1|Battery Alignment and microphone restriction (1)}"},{"id":"{ace|rule|pr=IHEAR,c=2|Autophone <-> AP software (2)}","modelId":"IHEAR","ruleIdInModelId":"{ace|rule|pr=IHEAR,c=2|Autophone <-> AP software (2)}"},{"id":"{ace|rule|pr=IHEAR,c=3|Autotelecoil <-> AT software (3)}","modelId":"IHEAR","ruleIdInModelId":"{ace|rule|pr=IHEAR,c=3|Autotelecoil <-> AT software (3)}"},{"id":"{ace|rule|pr=IHEAR,c=4|Binaural communications <-> BIN software (4)}","modelId":"IHEAR","ruleIdInModelId":"{ace|rule|pr=IHEAR,c=4|Binaural communications <-> BIN software (4)}"},{"id":"{ace|rule|pr=IHEAR,c=5|Music streaming <-> Music software (5)}","modelId":"IHEAR","ruleIdInModelId":"{ace|rule|pr=IHEAR,c=5|Music streaming <-> Music software (5)}"},{"id":"{ace|rule|pr=IHEAR,c=6|SpaceRestrictions for determining battery size (6)}","modelId":"IHEAR","ruleIdInModelId":"{ace|rule|pr=IHEAR,c=6|SpaceRestrictions for determining battery size (6)}"},{"id":"{ace|rule|pr=IHEAR,c=7|Switch GMR and Reed cannot go with Style: In the Ear (7)}","modelId":"IHEAR","ruleIdInModelId":"{ace|rule|pr=IHEAR,c=7|Switch GMR and Reed cannot go with Style: In the Ear (7)}"},{"id":"{ace|rule|pr=IHEAR,c=8|AP software requires switch (no less switch) (8)}","modelId":"IHEAR","ruleIdInModelId":"{ace|rule|pr=IHEAR,c=8|AP software requires switch (no less switch) (8)}"},{"id":"{ace|rule|pr=IHEAR,c=9|AT software goes with both GMR type switches (9)}","modelId":"IHEAR","ruleIdInModelId":"{ace|rule|pr=IHEAR,c=9|AT software goes with both GMR type switches (9)}"},{"id":"{ace|rule|pr=IHEAR,c=10|BIN software drives wireless coil, ADSP software and either 2, 4 or 8 cpus (10)}","modelId":"IHEAR","ruleIdInModelId":"{ace|rule|pr=IHEAR,c=10|BIN software drives wireless coil, ADSP software and either 2, 4 or 8 cpus (10)}"},{"id":"{ace|rule|pr=IHEAR,c=11|DIR software drives dual mic. and either 2, 4 or 8 cpus (11)}","modelId":"IHEAR","ruleIdInModelId":"{ace|rule|pr=IHEAR,c=11|DIR software drives dual mic. and either 2, 4 or 8 cpus (11)}"},{"id":"{ace|rule|pr=IHEAR,c=12|ADSP software drives 4 or 8 cpus (12)}","modelId":"IHEAR","ruleIdInModelId":"{ace|rule|pr=IHEAR,c=12|ADSP software drives 4 or 8 cpus (12)}"},{"id":"{ace|rule|pr=IHEAR,c=13|MUS software drives wireless coil (13)}","modelId":"IHEAR","ruleIdInModelId":"{ace|rule|pr=IHEAR,c=13|MUS software drives wireless coil (13)}"},{"id":"{ace|rule|pr=IHEAR,c=14|SPA software drives omni direction mic. and either 2, 4, or 8 cpus (14)}","modelId":"IHEAR","ruleIdInModelId":"{ace|rule|pr=IHEAR,c=14|SPA software drives omni direction mic. and either 2, 4, or 8 cpus (14)}"},{"id":"{ace|rule|pr=IHEAR,c=15|combination of AP and AT software drives GMR and Reed switch (15)}","modelId":"IHEAR","ruleIdInModelId":"{ace|rule|pr=IHEAR,c=15|combination of AP and AT software drives GMR and Reed switch (15)}"},{"id":"{ace|rule|pr=IHEAR,c=26|Child version is for child age (26)}","modelId":"IHEAR","ruleIdInModelId":"{ace|rule|pr=IHEAR,c=26|Child version is for child age (26)}"},{"id":"{ace|rule|pr=IHEAR,c=16|Hearing Loss and power level requirements (16)}","modelId":"IHEAR","ruleIdInModelId":"{ace|rule|pr=IHEAR,c=16|Hearing Loss and power level requirements (16)}"},{"id":"{ace|rule|pr=IHEAR,c=17|Chipsets: driven by CPU to RAM relationship (17)}","modelId":"IHEAR","ruleIdInModelId":"{ace|rule|pr=IHEAR,c=17|Chipsets: driven by CPU to RAM relationship (17)}"},{"id":"{ace|rule|pr=IHEAR,c=18|Battery drawer orientation relationship with style (18)}","modelId":"IHEAR","ruleIdInModelId":"{ace|rule|pr=IHEAR,c=18|Battery drawer orientation relationship with style (18)}"},{"id":"{ace|rule|pr=IHEAR,c=19|Power Level and style relationship (19)}","modelId":"IHEAR","ruleIdInModelId":"{ace|rule|pr=IHEAR,c=19|Power Level and style relationship (19)}"},{"id":"{ace|rule|pr=IHEAR,c=20|Push Button and relationship with style (20)}","modelId":"IHEAR","ruleIdInModelId":"{ace|rule|pr=IHEAR,c=20|Push Button and relationship with style (20)}"},{"id":"{ace|rule|pr=IHEAR,c=21|Battery size relationship with style (21)}","modelId":"IHEAR","ruleIdInModelId":"{ace|rule|pr=IHEAR,c=21|Battery size relationship with style (21)}"},{"id":"{ace|rule|pr=IHEAR,c=22|Sound Processing relationship to DSP software (22)}","modelId":"IHEAR","ruleIdInModelId":"{ace|rule|pr=IHEAR,c=22|Sound Processing relationship to DSP software (22)}"},{"id":"{ace|rule|pr=IHEAR,c=23|Spatial Sound level and required software (23)}","modelId":"IHEAR","ruleIdInModelId":"{ace|rule|pr=IHEAR,c=23|Spatial Sound level and required software (23)}"},{"id":"{ace|rule|pr=IHEAR,c=24|Volume Wheels relationship with style (24)}","modelId":"IHEAR","ruleIdInModelId":"{ace|rule|pr=IHEAR,c=24|Volume Wheels relationship with style (24)}"},{"id":"{ace|rule|pr=IHEAR,c=25|Colors and product line availability (25)}","modelId":"IHEAR","ruleIdInModelId":"{ace|rule|pr=IHEAR,c=25|Colors and product line availability (25)}"},{"id":"{ace|feature-applicability|pr=IHEAR,ff=STYLE|Feature Applicability for Features in Feature Family Style (STYLE)}","modelId":"IHEAR","ruleIdInModelId":"{ace|feature-applicability|pr=IHEAR,ff=STYLE|Feature Applicability for Features in Feature Family Style (STYLE)}"},{"id":"{ace|feature-applicability|pr=IHEAR,ff=POWER_LEVEL|Feature Applicability for Features in Feature Family Power Level (POWER_LEVEL)}","modelId":"IHEAR","ruleIdInModelId":"{ace|feature-applicability|pr=IHEAR,ff=POWER_LEVEL|Feature Applicability for Features in Feature Family Power Level (POWER_LEVEL)}"},{"id":"{ace|feature-applicability|pr=IHEAR,ff=AUTOPHONE|Feature Applicability for Features in Feature Family Add autophone (AUTOPHONE)}","modelId":"IHEAR","ruleIdInModelId":"{ace|feature-applicability|pr=IHEAR,ff=AUTOPHONE|Feature Applicability for Features in Feature Family Add autophone (AUTOPHONE)}"},{"id":"{ace|feature-applicability|pr=IHEAR,ff=AUTOTELECOIL|Feature Applicability for Features in Feature Family Add autotelecoil (AUTOTELECOIL)}","modelId":"IHEAR","ruleIdInModelId":"{ace|feature-applicability|pr=IHEAR,ff=AUTOTELECOIL|Feature Applicability for Features in Feature Family Add autotelecoil (AUTOTELECOIL)}"},{"id":"{ace|feature-applicability|pr=IHEAR,ff=BINAURAL|Feature Applicability for Features in Feature Family Include binaural communication (BINAURAL)}","modelId":"IHEAR","ruleIdInModelId":"{ace|feature-applicability|pr=IHEAR,ff=BINAURAL|Feature Applicability for Features in Feature Family Include binaural communication (BINAURAL)}"},{"id":"{ace|feature-applicability|pr=IHEAR,ff=MUSIC|Feature Applicability for Features in Feature Family Enable music streaming (MUSIC)}","modelId":"IHEAR","ruleIdInModelId":"{ace|feature-applicability|pr=IHEAR,ff=MUSIC|Feature Applicability for Features in Feature Family Enable music streaming (MUSIC)}"},{"id":"{ace|feature-applicability|pr=IHEAR,ff=SOUND|Feature Applicability for Features in Feature Family Level of sound processing (SOUND)}","modelId":"IHEAR","ruleIdInModelId":"{ace|feature-applicability|pr=IHEAR,ff=SOUND|Feature Applicability for Features in Feature Family Level of sound processing (SOUND)}"},{"id":"{ace|feature-applicability|pr=IHEAR,ff=SPATIAL|Feature Applicability for Features in Feature Family Level of spatial sound (SPATIAL)}","modelId":"IHEAR","ruleIdInModelId":"{ace|feature-applicability|pr=IHEAR,ff=SPATIAL|Feature Applicability for Features in Feature Family Level of spatial sound (SPATIAL)}"}]}